,PC1,PC2,PC3,PC4,PC5,PC6,PC7,PC8,PC9,PC10
SIDM00006,7.42877,17.25848,7.4213,-6.81969,-4.25525,0.74769,-1.40375,-1.43038,0.30628,-1.24127
SIDM00007,3.50192,6.44442,3.49101,-2.00952,-2.61777,-0.4579,-4.64369,-4.09098,1.78374,0.19549
SIDM00008,-2.10051,-3.43283,-5.05907,5.20664,1.77446,-1.35491,2.58992,3.34541,-4.47605,0.99776
SIDM00015,-1.8577,-6.81747,-0.04632,-0.85271,0.07506,0.82604,-5.90451,-5.0721,4.59571,-0.49432
SIDM00017,-1.45455,-5.7117,2.60195,-3.25711,-2.21674,0.43191,-3.65331,-3.83915,3.54202,0.091
SIDM00027,-4.55901,-6.93184,-3.30613,-0.78107,-0.71259,-2.01359,5.19288,0.90235,-2.24789,-0.30836
SIDM00032,0.69722,-1.51825,5.43355,-5.46501,2.15982,5.1634,-2.55406,0.13645,0.74142,-0.4557
SIDM00035,5.33031,11.98398,3.61782,-3.11717,-3.66779,-0.0955,-2.20369,1.47082,-2.0275,0.91588
SIDM00040,1.08872,1.59849,4.39334,-4.33176,-0.34873,2.82549,-1.49098,-1.35778,2.55003,0.08591
SIDM00042,3.90329,4.24031,8.00121,0.36773,-2.6707,-1.56782,-0.26466,1.64009,-4.71441,1.93288
SIDM00043,-9.19159,-14.16778,2.60024,-1.51535,5.44697,3.22003,2.12958,0.51842,-1.28392,0.36431
SIDM00044,20.53642,10.16634,5.25706,-6.62597,-2.50146,-4.20026,4.39209,7.59389,-2.23523,-2.01566
SIDM00045,-34.97232,17.77758,-2.65146,-1.7739,-2.93852,3.9585,15.59453,-2.63773,1.58988,1.7359
SIDM00049,-6.46619,8.31657,1.08152,5.27157,19.58758,3.24479,-0.642,-11.87641,-3.34364,-0.4392
SIDM00052,-0.01626,-1.60926,7.0412,-9.14184,-1.17885,4.84724,-4.03475,-1.12847,1.51004,-2.59721
SIDM00074,-7.41193,-13.12103,-10.81186,7.30598,2.57684,-1.62074,6.1214,2.97352,1.7476,0.35303
SIDM00077,2.11319,9.47181,6.16727,-9.56208,-0.57594,-3.63147,2.67432,0.44376,4.85629,4.48997
SIDM00078,0.50446,-0.29041,1.71011,-1.96784,-0.01779,0.63691,-1.78498,-1.02523,0.94845,-0.11013
SIDM00079,26.97311,-16.90041,-7.39355,-3.27961,12.30679,-5.73103,-0.917,8.94928,3.18943,-2.38436
SIDM00082,7.36295,-0.65502,2.10676,5.33301,-4.42938,20.09035,0.31747,4.81443,-0.56427,-2.72538
SIDM00083,-18.23014,-1.43006,5.22486,-4.70909,-0.65047,-3.8755,-0.04595,4.40221,1.08373,-1.42278
SIDM00084,-1.79291,-5.03908,0.35853,-2.23828,-1.4231,-0.73555,-2.67236,-1.73403,1.82901,2.33789
SIDM00087,-25.05501,2.48784,-8.90159,2.37965,-3.03765,7.86851,0.498,4.19656,-3.42793,0.14086
SIDM00090,-11.5364,-9.27267,1.47939,-3.62542,0.42357,-5.59498,-3.6148,1.36192,-5.7387,-1.3044
SIDM00091,11.07882,-7.34718,10.44766,6.80921,4.26755,-1.48933,1.15464,8.72013,6.8385,-1.11447
SIDM00095,3.59267,6.26013,-0.24632,-1.04119,-1.0647,-2.3492,-5.36351,-1.03808,1.88079,-0.79829
SIDM00097,18.93274,6.4163,-18.1763,1.26826,1.5115,-3.7961,0.41871,4.71333,-0.32671,11.05841
SIDM00105,12.55431,7.73667,3.44888,-14.42659,-3.36096,1.48267,-5.28277,-5.9486,-0.39558,1.45377
SIDM00107,-3.37547,8.88232,12.3147,10.06728,-6.11192,11.89664,-5.64246,9.78708,0.16814,3.02286
SIDM00111,3.86372,-12.1642,-1.66663,-1.39319,-6.25252,-0.88833,1.35823,2.21495,-7.0391,-1.20758
SIDM00115,-3.34296,-8.01819,-1.42772,0.5684,2.77625,1.39003,1.17615,-2.57876,0.5155,-0.24969
SIDM00117,5.56137,26.81365,3.26382,11.56313,15.67503,-10.58456,-0.4713,2.19059,-7.90922,-3.22321
SIDM00118,-9.95413,0.9896,8.68517,7.93866,-3.199,4.49403,-10.4729,-0.17546,0.11355,-2.32721
SIDM00119,16.72697,24.10935,1.28512,0.725,1.64579,-0.03186,-3.43503,-6.02919,-0.88289,1.80134
SIDM00120,19.22194,-9.76438,-0.32194,-8.74835,-6.23487,0.5462,-2.30886,-2.80363,-2.62827,-1.82239
SIDM00122,4.93722,-0.46002,-7.92938,-6.96588,-1.32549,1.2307,-2.29169,8.56432,3.96268,-4.45574
SIDM00125,-10.5304,-13.16126,-2.21785,-0.13979,3.1841,-6.67706,-6.1838,-2.9468,2.50506,3.24915
SIDM00127,9.27684,5.02132,14.96724,-2.05862,17.9099,0.7598,7.00681,5.83265,-3.62673,-2.25285
SIDM00128,-5.74448,-14.83376,1.11604,-1.28722,2.77191,2.483,1.02121,-0.53826,0.83509,0.95139
SIDM00130,8.70312,-3.86939,6.93882,-3.07332,3.96243,-4.24108,-5.92863,-2.86112,-0.1632,-0.81525
SIDM00131,1.12965,2.73892,3.38321,-6.74133,-3.05139,-1.33317,-1.60962,-1.49423,3.05328,-0.47729
SIDM00132,3.15149,-4.11154,1.90055,1.52437,2.93629,3.88125,-3.37337,4.71297,4.19132,-5.54001
SIDM00133,8.34459,-18.24403,2.94372,-0.96831,-3.5574,-1.01071,-1.38918,2.46239,-1.90202,-1.46648
SIDM00135,-2.31613,19.40435,6.72336,-8.403,-2.61473,-0.03175,1.22491,7.82652,9.20031,1.15219
SIDM00136,-10.28805,-1.8642,10.5937,16.89252,2.12173,-1.03386,-7.12831,-0.68221,6.99051,-0.68904
SIDM00137,-4.15011,-6.71092,1.92796,5.81219,-2.33204,-2.12689,-5.50947,2.68447,6.34822,-2.30929
SIDM00138,-5.81747,3.12647,-0.87612,-5.98272,-9.00009,11.95914,3.35942,2.8008,-12.11074,-3.16661
SIDM00139,45.40048,-14.3421,-9.62965,2.50385,-6.78267,-5.13049,9.07236,3.3435,7.58721,-8.93902
SIDM00140,-3.97211,8.73975,-0.08869,6.21582,-2.98544,8.92219,2.64558,1.63913,1.15364,3.04753
SIDM00142,-2.64963,2.54528,-17.14538,2.16647,-1.06267,-2.66249,-6.99369,6.96851,-0.84176,6.03948
SIDM00144,-0.64579,-3.1904,8.66269,-8.81424,-3.50173,2.7463,-2.93464,-4.16971,2.6846,0.80143
SIDM00146,1.99479,2.44841,6.79018,1.82382,-3.92792,-1.80856,-5.61729,3.76036,-0.36435,-0.46533
SIDM00148,9.02508,-1.86648,-3.9351,-16.28176,-8.91396,9.32823,-10.37114,-3.30617,5.56989,1.60513
SIDM00150,-9.17663,5.46313,0.36592,8.35109,-3.54698,-6.42063,-2.85912,-10.96191,4.91765,3.98979
SIDM00151,-15.54512,7.61633,9.48203,2.27708,17.59605,-7.26305,-1.23597,1.14782,5.03506,6.1232
SIDM00155,-0.6346,0.37994,2.78144,-2.14276,0.55955,1.20245,5.31371,3.08435,-1.81902,-1.06767
SIDM00156,-0.35158,-1.65664,-15.17645,-1.17397,-6.03526,0.12945,3.00073,0.68573,0.94461,-4.09647
SIDM00157,-2.6585,-4.70303,-4.44073,3.76923,0.61362,-2.09148,1.93883,0.43289,-0.7128,-1.03733
SIDM00172,-5.71548,-16.04908,2.36458,-3.38581,3.73184,4.54265,-0.68705,0.17677,0.70437,0.10651
SIDM00182,15.6762,3.48463,-11.02851,-0.8842,-3.8957,8.07523,1.94523,-6.57462,1.92867,0.41879
SIDM00187,-3.08837,-8.52576,4.09244,-2.88365,2.0625,2.23908,3.40306,-1.40736,2.2799,2.45447
SIDM00193,9.93658,4.05957,-2.75336,0.54635,-0.86522,3.14101,-4.67899,-5.09538,0.85883,4.32902
SIDM00194,29.65804,1.21942,-8.73571,16.52022,1.32761,-0.7878,-6.44791,-6.17258,-0.31186,-9.2713
SIDM00196,-20.79528,2.27544,-1.85009,-10.60926,-7.67737,-7.50572,0.90079,-3.05543,-7.40737,-3.57959
SIDM00198,-8.84001,-13.59126,0.06081,-5.64855,-2.6089,-8.73439,-0.65347,-4.41619,-1.25928,-2.68433
SIDM00201,-24.71083,-6.73698,-6.06253,-2.93787,-0.1448,-11.51961,-0.14439,0.17501,-2.89561,3.04844
SIDM00205,-23.84818,-8.01067,-6.12596,-1.89273,-0.77966,-11.73426,-0.81236,-1.60877,-5.0225,-1.03313
SIDM00207,6.20975,13.65058,0.11593,-0.88491,-2.3405,-2.41284,-3.53274,-0.87083,0.56378,-0.3401
SIDM00208,5.33691,13.19816,2.60088,0.38348,-1.22786,-2.64993,5.5025,5.54266,-5.47225,0.8385
SIDM00209,-2.28494,-4.80442,-1.58042,0.07843,0.25747,-1.13104,2.32085,2.79993,-1.70381,0.85203
SIDM00210,-32.9803,-0.46877,-3.32693,9.40001,2.90086,-3.74088,0.8331,3.2432,5.62403,1.82137
SIDM00212,17.32047,5.95789,-0.92363,1.79824,-0.85447,-10.81557,1.42592,2.90655,8.32859,0.58631
SIDM00220,-15.63449,-3.27621,3.46558,-5.73566,2.68057,-5.55965,0.00874,5.69027,-3.58662,-0.79349
SIDM00222,7.98457,7.7208,1.6205,-2.67782,-5.10693,-4.37082,3.4104,-0.50317,6.71347,-2.14914
SIDM00225,-5.1309,-8.7945,6.60935,-0.72074,-2.66484,-3.33501,-4.74327,6.4234,-0.56427,2.75519
SIDM00237,-6.76951,-5.82545,5.71923,-3.82168,22.05592,-5.63346,4.84329,-1.80224,-2.77668,-5.66951
SIDM00238,1.34238,2.57347,4.01876,-6.08455,-4.37902,4.28679,-1.7429,-2.78986,0.68365,4.59693
SIDM00239,30.6744,-8.94404,-5.22112,-3.08993,1.77375,-4.01519,0.21666,-1.48845,1.7178,8.27677
SIDM00241,-23.09496,-2.67259,-18.90126,-6.02494,7.98088,10.62506,-3.35645,-0.26952,-1.02423,5.09491
SIDM00244,-31.19202,-3.82668,12.11532,8.05368,6.19905,0.56439,5.0089,-2.50568,3.47197,1.81615
SIDM00250,-5.50712,4.72707,-1.10992,-7.87204,15.86304,12.84424,0.67319,-4.92774,-4.02819,-1.7984
SIDM00253,4.17527,10.11043,-8.26435,8.18397,-0.7594,-6.19402,-3.07318,-2.01238,0.48923,-2.45244
SIDM00254,-1.12701,-0.82143,3.71624,-2.1083,-1.30211,0.5112,4.78805,0.82818,-3.63104,0.77793
SIDM00255,0.78824,2.82383,-2.30159,-0.37911,-2.35173,-3.25749,-2.12311,-3.01896,-0.2314,-2.19151
SIDM00257,-20.30676,1.14089,-3.58742,-3.91242,-6.52137,-4.95945,0.65357,-6.70087,-3.56024,-2.08862
SIDM00259,-14.07754,1.01014,9.07791,-1.08148,-9.64055,-6.6882,4.99084,-5.05613,-4.85805,-5.85625
SIDM00260,9.1746,-5.10454,2.09519,2.48807,-0.47966,4.6706,-4.64078,-1.59788,3.5846,-6.76461
SIDM00261,-34.51252,-8.01445,-1.46755,-6.71349,-4.90045,-11.31993,4.41935,-0.32317,-2.89707,-1.46667
SIDM00263,-10.83099,-8.65924,-8.85662,3.36557,1.05641,-3.72279,7.88003,5.01854,0.90472,-0.97767
SIDM00264,0.8358,-17.57162,-3.04138,-7.96648,0.27744,-7.53669,-1.53075,-2.72756,-6.2646,0.31608
SIDM00270,1.66397,3.64196,2.79768,-3.77529,0.85486,1.13273,-2.59488,-2.27196,1.0938,-2.44941
SIDM00272,-7.18733,9.65384,-13.0102,2.30677,7.64234,-2.9436,-2.2991,7.82578,-3.27207,2.7138
SIDM00273,-14.09008,-8.07848,-3.69503,-7.04583,-3.04278,-2.37117,-1.42957,4.53772,0.62899,-2.48545
SIDM00274,1.94466,1.73713,3.38251,0.6954,6.19025,-4.00868,-0.24039,-3.10111,1.33516,-0.16351
SIDM00277,-61.25076,-2.13915,0.0054,6.20583,-6.20424,13.4616,16.33628,-5.37206,7.8202,3.91155
SIDM00278,-10.23287,18.35789,12.19382,-8.96844,11.24202,3.5383,4.23736,-0.85125,-8.59755,-1.59543
SIDM00284,6.06422,-7.7803,16.12037,15.71095,-8.5269,7.52988,-11.52375,3.99763,1.42607,1.19823
SIDM00290,-28.84103,-6.01715,-4.81166,-10.1154,1.45704,-3.94917,-1.02969,-3.39202,3.65981,10.42493
SIDM00300,8.10326,7.90769,-1.2951,-1.20333,3.75436,-2.8068,0.04822,-3.93139,-4.81228,-3.34672
SIDM00301,-6.4308,-4.84729,-0.21987,-1.03838,-8.42826,-1.9961,-1.45337,0.89774,-1.95858,0.61114
SIDM00303,1.32974,1.96145,-2.78598,0.46189,1.63422,-0.47369,-2.92279,1.04912,-1.52071,-4.46604
SIDM00305,-0.10607,-2.07049,4.5301,-2.93738,2.00222,3.05198,1.16564,1.69961,-1.9087,-0.20425
SIDM00312,-26.72931,3.75236,-12.73561,-1.11744,1.0724,8.25039,0.87363,6.3514,4.69239,2.06863
SIDM00315,-2.68036,-7.48926,-0.29601,-1.19466,0.16963,0.77029,-2.14756,-0.47095,1.43797,0.78773
SIDM00316,-5.71399,0.55932,0.88054,-6.00675,-1.92695,-5.47949,1.86771,6.02105,8.0425,3.20169
SIDM00318,0.3219,-0.55217,0.76047,-1.11271,-0.46755,0.34503,-3.74297,-3.37202,3.07644,-0.17623
SIDM00320,14.25994,-4.10363,-8.26844,-2.80358,-11.21794,-1.16461,4.29024,-4.20093,1.37116,-5.59834
SIDM00321,1.80444,-2.40782,11.69378,-1.17881,-5.78035,-0.42715,-2.18167,3.27217,-6.68168,8.6324
SIDM00322,-11.08041,1.66515,0.14071,-5.7551,5.39658,10.54425,-2.36843,-5.52947,4.39972,0.1573
SIDM00324,-13.57097,6.91517,-8.55923,6.10286,-7.85899,-4.19899,5.09804,-7.51382,2.65479,-2.16596
SIDM00325,5.45868,4.16767,1.76745,-12.81397,-4.14172,5.09619,-4.08977,-6.58463,2.37419,-4.43389
SIDM00326,-4.13687,-1.04014,7.92962,-6.15951,-1.34798,2.17575,0.0658,-5.00175,8.02951,-4.35897
SIDM00328,10.88695,15.56213,-4.59958,-1.32252,15.64217,-1.64638,-6.25497,-6.6819,1.21921,3.68366
SIDM00332,2.99309,13.37919,-5.56786,-0.93716,-2.49045,0.59035,14.18324,5.81471,7.35859,0.23593
SIDM00333,5.90047,-0.32686,-4.55903,-7.62328,-3.7288,9.36782,-6.4798,-5.13087,0.02894,5.65192
SIDM00334,21.42174,-11.90265,-6.33475,-13.40704,-10.60812,8.97308,1.9924,-2.6025,-0.61252,6.94383
SIDM00335,11.75576,6.79495,-13.2709,1.75041,1.54625,-4.6798,6.31329,2.81214,1.99268,1.61891
SIDM00336,13.65584,-18.47057,0.33693,6.60711,-4.56915,4.11584,-1.57903,0.30556,1.64021,0.45792
SIDM00339,-12.33231,-4.75245,4.05818,-4.43272,1.73568,-1.44017,1.07068,0.40387,6.5221,0.42878
SIDM00340,2.39777,5.38277,-15.25596,9.07052,-1.94796,-2.17849,-1.12482,-0.24068,-1.86905,0.70318
SIDM00341,4.29499,7.04028,6.71684,-7.25332,5.92886,-3.58596,3.75971,0.49951,-1.71662,-2.84897
SIDM00344,-7.13733,-14.55447,2.3985,7.9343,-1.77988,-1.62613,-0.83609,-0.0106,4.17213,-3.91658
SIDM00345,1.62046,-4.39211,-10.49719,-0.07745,-2.88196,-6.39776,-7.83344,-1.14779,10.02007,-3.33627
SIDM00347,17.19412,-1.91607,0.73421,-8.26261,0.26881,1.42181,-7.98013,1.18012,-3.57547,2.44534
SIDM00348,1.27262,2.70112,4.71289,-5.27142,-1.20162,2.09173,0.07956,-3.60251,4.48955,-1.87543
SIDM00349,-0.95764,-2.0271,2.71208,-4.02603,-0.24093,1.2142,-3.67672,-3.06484,3.00396,-2.05342
SIDM00351,-13.18501,0.30559,8.11467,4.84921,6.33016,-2.07059,-1.08412,2.64466,-9.2631,-0.0288
SIDM00352,21.79077,-5.11642,-3.25979,4.4943,11.44596,2.76778,4.55116,7.23917,3.23128,-2.25919
SIDM00353,31.10524,-13.28702,-0.82672,2.13246,-5.70721,6.43339,5.01396,10.18002,-2.10553,0.08256
SIDM00354,3.56343,15.2774,3.52645,1.179,14.55169,-2.68731,5.59805,0.29775,-4.89628,2.28328
SIDM00358,-3.07454,5.71242,-2.2184,1.28444,3.1782,1.68216,5.1743,-0.33513,5.94944,-5.56617
SIDM00359,17.1679,10.18524,9.33124,13.6611,1.94979,1.90391,-3.35793,-3.18875,-0.84035,-2.56549
SIDM00363,-20.7622,16.32933,-3.81295,2.61285,-8.03552,6.00292,6.27922,0.6546,-2.19455,-3.49553
SIDM00369,9.46594,6.34914,3.52267,-4.80302,3.44357,3.49928,1.78403,-6.99754,0.57359,-3.64612
SIDM00371,22.16389,-15.88025,0.32954,9.92017,-6.15392,-3.29571,2.15523,-6.62593,-4.5521,4.42531
SIDM00373,-12.84878,-12.98621,-0.41938,-7.43039,1.77913,2.86605,-2.35057,3.14618,1.12926,-4.94345
SIDM00375,8.24039,1.41365,5.39478,-3.74543,4.1267,1.11539,4.93272,8.75389,-9.34689,-7.4697
SIDM00379,3.38806,-2.88696,1.88098,-10.55091,-0.41306,-1.90282,-1.82477,6.36796,-0.22056,1.67322
SIDM00382,-0.78246,-2.23883,1.76746,-3.25141,-2.14788,-1.01133,0.37649,-0.63756,1.14597,1.15449
SIDM00383,7.49409,20.64297,2.42201,-4.09252,-2.81457,-2.32031,2.31025,5.1713,-6.45855,-1.06952
SIDM00386,-15.66799,-15.53842,-5.54814,-7.70431,-8.80144,-7.03723,4.79949,0.94474,-2.35009,-6.03784
SIDM00387,-0.9906,0.52666,-1.60176,3.60182,-0.61418,-2.44951,5.66765,2.38593,-4.32313,-1.74333
SIDM00389,-37.21503,1.12717,-17.4553,4.0304,3.00948,3.19772,-2.22088,3.75599,2.96204,2.86382
SIDM00391,4.44569,4.23468,-18.93722,7.84832,-4.57975,-5.34373,1.15667,-6.00945,-0.26174,1.58131
SIDM00392,-1.31457,-5.41966,-0.53715,2.87316,0.32941,0.88232,-4.19252,0.63326,-0.75054,-1.12143
SIDM00395,-9.06175,5.75695,4.23954,3.66591,-6.80031,-10.01683,2.3023,-8.5815,-4.45449,-1.82853
SIDM00399,11.9973,7.18888,-3.93037,15.86511,11.68639,13.24613,-0.89565,-2.62582,-3.09844,-4.20337
SIDM00401,3.32894,2.31045,2.00535,3.69484,-1.73437,2.81845,-1.10063,1.57403,1.57695,2.62898
SIDM00402,-11.6334,-2.44181,-2.80003,0.33743,-0.74016,2.54039,1.88335,-1.13003,9.77721,-6.66876
SIDM00405,-2.35466,-2.43029,-10.04276,6.79038,2.48728,-2.38155,1.76208,1.89572,1.20048,1.29953
SIDM00406,-56.7241,-9.60892,-7.45203,-5.48432,3.00788,4.3111,3.82894,4.46847,2.04828,6.64431
SIDM00411,27.79164,8.32286,-0.61944,-1.02922,-2.62045,-6.03019,6.05509,1.03,-3.76963,-1.74744
SIDM00414,-9.11304,0.99544,9.75975,-7.00824,-6.62452,-0.56083,-5.38321,2.94882,-5.5396,1.53697
SIDM00415,6.07303,15.77277,-10.4605,9.21881,-2.65888,-9.06265,-5.52977,-1.39187,-4.67548,-2.09808
SIDM00419,-21.10229,1.71537,-5.34819,-2.08086,-8.21937,-4.47231,7.20725,2.61338,-9.87283,-1.13118
SIDM00423,-18.57148,-5.89173,-13.69299,6.05652,-4.22274,-5.31725,-6.4013,-4.81491,-8.61282,-0.49499
SIDM00425,7.86528,-6.26899,2.63002,-6.51614,8.80403,-4.7739,3.51052,-0.40849,9.49489,2.4163
SIDM00428,-10.26462,-22.41028,-3.07389,4.80887,2.41561,4.01088,5.35773,3.96258,0.05512,-1.14782
SIDM00429,-41.45152,-7.87951,-10.44155,5.323,2.44079,-10.11999,-1.81849,-1.15629,3.9226,2.14028
SIDM00437,-66.14617,-1.79723,-5.41447,5.69488,-0.82995,4.72838,13.49137,0.68189,6.13406,2.32103
SIDM00444,-7.44087,5.77185,-21.05593,8.23616,-0.72267,-5.36734,-4.04151,0.55218,2.112,-3.48657
SIDM00446,-44.04887,-1.83875,9.72291,17.55089,-7.17802,11.63588,0.19541,-0.50621,-2.46647,-0.85529
SIDM00447,-29.12106,-11.18504,-14.15696,-1.83563,-2.75952,0.9946,0.1196,2.97716,-2.85649,-3.51436
SIDM00451,-26.89966,0.84973,-11.81698,9.59707,0.10812,-13.43607,-1.61348,-5.53472,1.18906,1.76912
SIDM00453,3.08148,-7.10373,5.69263,-0.62816,-1.69673,1.66149,-2.30741,-0.22216,0.14789,4.50045
SIDM00455,20.04499,-8.04215,1.21117,3.96308,-1.75003,-2.89005,4.08522,2.27724,-1.94995,5.87041
SIDM00457,-27.17566,13.49792,-15.99733,8.27945,-1.41762,1.38819,0.36986,2.86787,9.152,-4.37389
SIDM00460,-8.83509,-19.04301,-7.84566,6.43419,0.62217,-1.98048,2.25892,-0.31432,0.534,0.90837
SIDM00462,-31.50607,2.84543,0.81739,17.36121,-1.2038,9.27807,-2.37843,7.14119,-2.71084,0.69938
SIDM00465,5.23388,-6.80772,0.35267,6.18821,20.74866,0.6403,4.03015,1.13289,-0.35683,-3.97399
SIDM00469,-2.57988,-17.14022,7.99322,13.2448,-5.4941,4.07347,-0.49264,0.3891,-4.81147,0.62128
SIDM00472,17.35426,-6.50011,4.19622,-1.76843,-3.26016,0.02792,2.55987,1.60644,0.14332,-7.0471
SIDM00473,2.45518,5.57763,6.03586,-2.78274,0.32295,1.04154,3.26779,3.07947,-5.33659,0.77109
SIDM00474,-0.08936,-0.76797,-0.53906,0.83862,0.23102,-1.25518,0.7815,1.50722,0.75958,0.8093
SIDM00477,1.95596,4.7373,1.79378,0.26481,4.33,-5.09608,-7.95847,1.12518,-0.03229,-1.93769
SIDM00478,-3.28591,3.03328,7.32279,-7.94031,13.3599,6.78088,-0.98396,-0.11037,3.39564,-0.41981
SIDM00480,10.98724,-4.13378,-2.41433,-3.55269,-2.42349,-3.34413,3.62528,-2.97806,0.62748,6.05633
SIDM00481,15.03042,-2.84492,-7.35176,-1.99979,-4.63165,-0.76223,1.98335,-5.79199,-9.22315,2.76673
SIDM00483,24.52968,-9.27411,3.4436,5.41059,11.86877,0.71727,2.13051,7.70838,5.79805,4.44035
SIDM00485,-7.21783,2.13962,6.52051,-10.60277,-0.63237,5.28315,1.8271,7.04832,-4.89218,-1.08341
SIDM00486,-7.67444,-1.00007,8.9617,5.60945,-3.68197,1.29229,-3.26963,-1.93803,-0.96155,11.86666
SIDM00489,-12.21764,-3.69806,4.19121,-3.13397,10.44268,7.17065,0.86657,-7.53811,-6.18186,-0.58569
SIDM00490,6.48861,-2.35165,2.9836,-4.96875,-4.05939,-3.13669,-1.74947,5.08409,0.8097,5.13197
SIDM00492,-3.08038,0.11667,-0.61842,13.22864,-8.07141,-7.75983,-5.26303,-2.59533,-6.79197,3.63817
SIDM00493,-4.20259,-10.70885,5.26189,-3.65594,3.27887,3.14159,6.15059,1.86569,-3.11993,1.08382
SIDM00494,5.28182,-4.98462,-4.52519,-0.30435,-1.94459,0.04324,0.14021,-5.35379,-2.67553,3.2354
SIDM00498,-3.18119,0.93136,7.43594,0.87394,-3.52367,-4.12023,-4.94004,2.71571,-2.16318,-0.77688
SIDM00499,1.96787,-2.5252,-6.9296,2.81218,-3.37111,-4.18272,-7.05373,6.80091,0.33906,0.78837
SIDM00501,16.36872,-5.06772,4.0424,-6.33109,4.38627,6.58959,5.37952,-0.87215,-7.37948,-0.33062
SIDM00503,5.85648,0.69663,-2.5252,-1.60156,-1.67495,4.26283,1.65332,5.27443,9.14845,7.98883
SIDM00504,-15.33375,-7.79636,5.32873,-5.54301,-4.05013,-4.59006,0.45078,5.46792,-1.52107,1.72
SIDM00505,2.17059,-4.09281,12.6719,-5.71892,-6.04397,5.52831,-3.62055,-0.12079,4.84193,-2.75691
SIDM00511,-16.4238,2.15623,-8.15715,-2.04486,-6.37085,-10.8051,-0.33514,-0.52829,-8.21183,-1.14387
SIDM00512,2.04334,-8.93517,-1.75758,2.88569,0.60804,-4.70047,-0.95105,-2.57409,-1.09097,4.55708
SIDM00517,-8.36809,-11.82768,7.92968,2.37759,16.31288,4.12307,2.61506,-3.80595,-1.28053,-6.21407
SIDM00527,-13.04445,3.47931,14.10997,6.60154,-4.36143,0.01009,1.82377,4.77834,-7.67113,7.99461
SIDM00528,0.93072,8.50426,-11.27076,-6.47271,6.28749,6.70846,-3.28313,-2.17694,6.67073,5.77
SIDM00529,3.74029,9.72127,-8.23484,-5.7959,-9.40592,8.36935,0.40292,-0.5921,-3.11255,-1.34186
SIDM00530,17.1727,-6.16599,-18.35189,-0.12041,21.45021,3.46819,4.77924,-4.8427,-3.35498,6.88309
SIDM00531,6.15239,-13.99271,-2.89702,1.31216,-1.78035,4.42572,5.16895,-5.13143,-7.9449,-0.7669
SIDM00533,18.22971,-5.38687,2.63658,4.90166,1.78482,-1.52108,3.7966,1.866,-0.3042,-0.52369
SIDM00534,6.64728,13.68416,2.63731,0.05526,-0.94957,-0.28648,4.17361,-4.58334,-1.99815,-0.38574
SIDM00537,-16.26591,6.22182,-2.63822,3.00344,-0.11655,6.14353,-2.91803,-4.41323,2.88112,-2.92079
SIDM00538,0.68783,2.11077,3.80571,11.88133,-6.31997,-0.90596,-3.07275,-4.18842,-1.62566,3.69712
SIDM00539,6.57911,-7.96501,-13.08639,-2.4389,7.60555,5.65583,0.5635,-1.23461,-8.23595,-4.37735
SIDM00540,-9.93592,13.6479,12.15287,0.26082,18.76748,5.19008,9.44879,2.54054,2.10748,3.44077
SIDM00541,6.55633,20.90198,8.56407,6.57244,5.79112,0.63574,-2.75476,-5.30402,0.51084,-1.99392
SIDM00547,3.07516,16.64805,-4.5441,21.9921,-0.01648,-10.23765,-12.96798,1.33893,-1.63399,-6.45198
SIDM00548,-8.23055,-1.28347,-1.22171,-2.83803,-9.41249,-5.18908,8.05781,-3.92975,3.23832,-8.49784
SIDM00551,-13.8771,-1.8189,6.93019,-1.88211,7.15136,-3.58435,-1.82364,2.19996,-3.01402,-7.96679
SIDM00554,25.13959,-6.83479,-8.03289,0.43503,0.14587,4.09221,-2.87293,3.49905,4.35931,-3.7668
SIDM00556,2.70045,10.69694,-1.34647,0.34765,-10.90765,-7.42195,4.27853,-4.94591,-8.33526,-5.78675
SIDM00564,12.03783,-0.49901,-6.90414,1.9384,5.82753,-4.03945,3.82703,0.35054,-2.11056,5.33137
SIDM00565,18.83416,-13.27279,-1.60804,-5.16946,1.19891,-4.15325,1.67427,-5.3001,-1.93073,-3.72738
SIDM00566,0.03404,-1.44497,1.59124,-0.37351,1.06272,1.19012,0.12545,0.06118,0.81488,0.10031
SIDM00567,-5.38995,-10.59978,8.90684,7.72173,-4.4486,2.9754,-4.61272,6.24101,-1.57866,-0.06362
SIDM00571,44.22837,-12.59013,-8.58356,0.70483,-2.9086,-0.25431,5.98795,-0.51531,4.17381,-0.63959
SIDM00572,-3.40481,-2.90168,9.71543,-7.39603,7.03421,-5.15645,-5.54018,-1.04031,-6.06887,-0.77272
SIDM00573,4.0966,8.20095,-2.81928,2.56401,-0.73118,-3.6429,-3.6022,0.22471,-0.91146,-0.63101
SIDM00574,3.55479,6.95475,-1.09631,0.64335,-0.78086,-2.0511,-4.94369,1.4135,-2.62135,-0.93898
SIDM00575,0.59198,-4.87869,0.82545,-0.65735,-0.62794,-2.45885,-0.77994,0.52967,-0.36961,-0.56429
SIDM00577,-10.5164,-3.42745,2.36708,7.32276,-7.18318,-8.05088,8.2244,-11.71891,-0.66467,-2.50253
SIDM00578,-3.60564,2.06205,-3.52982,-4.07286,-2.42616,-2.00461,2.90091,-1.96936,0.96056,1.58008
SIDM00580,-23.60929,-2.24581,-2.33733,10.40179,-3.67859,11.39031,0.82828,7.31177,-3.07741,-1.65338
SIDM00581,10.74942,-12.25919,-3.07669,-1.52373,-5.49077,-8.25145,2.45514,-9.07357,-2.8822,6.85501
SIDM00582,23.38539,-5.51651,0.70975,7.8573,-0.70746,4.18869,3.48164,-4.80332,2.09013,1.08144
SIDM00583,9.17302,-8.84983,-5.13163,-0.7275,-1.70645,-5.84863,-0.78604,-1.09775,1.18901,-1.40102
SIDM00585,18.75702,-5.10597,-0.12663,-1.65898,-7.91043,4.42363,10.62398,-7.43048,3.60014,6.63109
SIDM00586,13.99934,16.59438,7.17082,-9.76001,-7.32401,-3.96535,4.75515,-5.48827,4.38677,-0.3792
SIDM00587,1.08231,-7.5357,3.59348,4.03376,5.06929,1.51935,-2.33519,3.93926,-0.72156,1.7555
SIDM00588,11.11851,-3.62311,3.69709,-10.58165,5.03351,7.46276,7.25372,-5.02201,-13.64622,6.07709
SIDM00589,-15.58605,-4.86878,8.96355,-9.31588,7.70454,1.46604,-3.87357,3.50176,-1.50951,-4.14215
SIDM00590,-18.79287,2.85602,2.19007,-10.27955,6.8684,4.20404,-6.01677,0.01998,2.55065,-4.768
SIDM00591,-12.82008,4.70812,1.95778,-7.42233,10.00975,0.25186,-0.75268,0.55148,0.10588,5.99986
SIDM00594,-7.58052,-8.27859,-4.24012,2.9549,-0.85338,-4.15593,-0.87207,-0.72504,-1.04374,-1.47002
SIDM00596,26.47704,-3.9952,-6.22159,-7.20582,-6.30814,5.0833,2.00126,-7.01365,-3.49712,7.2102
SIDM00598,-20.04971,2.78741,-1.00358,-0.36503,5.73135,-2.21176,2.98675,1.72063,-0.27023,-3.41462
SIDM00602,-2.50715,-1.89762,-8.9873,5.07716,0.76519,2.22661,-5.03132,-2.39342,5.52952,2.50941
SIDM00604,-1.37922,-5.03977,9.93756,-10.7024,-1.83137,6.06959,-2.34666,-3.7773,5.42096,0.90097
SIDM00606,15.3061,-5.272,-0.06902,3.40233,-2.88218,4.2221,-4.87363,4.27603,-2.96157,3.77099
SIDM00607,3.96363,9.07226,-1.9332,0.31087,-2.11681,-2.97959,-3.47171,-0.00346,-1.10112,-2.3045
SIDM00608,-2.25256,-2.10828,-4.07402,2.66787,-0.54027,-1.14324,2.86327,0.47801,-0.00587,-1.34338
SIDM00609,8.09833,8.95351,3.35687,-8.20259,-4.47468,-4.56661,-1.20091,-0.87286,-1.74903,0.85542
SIDM00611,19.60349,4.43712,2.4225,-4.64482,-1.3467,-3.79543,0.37359,6.65345,1.03474,1.98764
SIDM00612,34.31881,-0.72853,-2.81004,5.19432,-5.1016,-7.38527,5.51162,6.76428,4.4684,2.71181
SIDM00613,10.71161,-4.91963,0.26991,1.18549,1.95905,-2.651,-4.94955,10.31976,2.71093,-1.94912
SIDM00614,15.87145,-7.46968,-0.19103,-0.72678,-8.02466,1.94403,3.1207,-8.41921,7.93666,-1.67562
SIDM00616,3.75982,0.51674,1.81985,-0.82098,-2.20464,-2.10945,2.28439,-7.83424,3.95029,2.77251
SIDM00618,4.90858,-5.96158,-7.78375,4.56833,5.13942,12.82935,1.05431,-2.24769,-4.76943,3.29851
SIDM00628,-13.77212,0.02672,-5.82817,-3.17262,1.51237,3.36669,1.78046,-2.30756,-4.74679,-2.29895
SIDM00629,41.50588,-4.41514,-2.87301,-7.32013,-11.63169,3.32497,-2.29018,3.44943,-7.36539,3.37873
SIDM00630,17.76525,17.26374,-7.70981,-8.74156,-0.87653,6.07844,-8.98352,7.27896,4.63885,8.61591
SIDM00632,-31.71746,13.29158,10.23617,9.17403,-6.00894,-6.71264,-4.69607,-0.76561,-6.35026,-3.03923
SIDM00645,18.22363,0.42972,5.36844,-5.70546,-3.83102,2.12031,-5.08174,-4.12844,7.98026,-0.92739
SIDM00649,2.05882,-1.57505,6.25512,-1.20551,-2.48261,-0.40423,-6.48061,1.79007,6.77546,-3.5927
SIDM00651,-10.8222,5.6781,-2.74009,-3.31423,-8.04849,-4.20543,5.16745,-1.80452,-8.43782,4.87447
SIDM00654,-10.33402,-7.23383,-7.86304,-7.09316,-7.45675,0.17742,6.57082,-3.68312,-8.67876,0.57024
SIDM00657,-62.9302,-7.48548,-4.93842,3.67074,-6.47671,12.2596,16.19272,-6.92034,6.57864,5.7316
SIDM00660,-3.81477,-3.38409,2.19423,17.47645,-2.2852,-0.32733,-5.43809,-0.24553,1.28474,5.20591
SIDM00664,26.62508,13.88738,3.67686,4.60745,-2.89938,3.68136,-3.36752,4.51441,6.1129,6.84929
SIDM00665,5.44636,0.82061,-4.67431,6.71593,-1.25963,-3.62272,-3.10762,8.00418,-4.36226,6.05115
SIDM00666,0.68666,0.19361,-0.22823,-1.99922,-1.20187,-0.91655,-3.5886,-1.80631,4.0952,-0.176
SIDM00669,14.64252,-0.84113,3.10986,6.58024,-0.95786,3.9993,5.54743,0.85198,-0.68713,4.50925
SIDM00673,0.68956,3.34729,-14.4416,-1.05243,-0.82574,14.40156,-4.78796,9.87168,0.0754,-0.05765
SIDM00675,15.74734,-5.88507,-10.8612,-6.87962,-2.48206,-3.29238,-2.98548,2.85494,-2.76785,-7.41339
SIDM00677,-7.2216,7.16065,9.39399,12.41697,2.94744,-5.72053,3.92938,-1.12514,-1.8137,-0.70947
SIDM00678,48.67123,-2.33086,-2.37511,-6.17266,-4.86015,9.00646,-0.82562,-5.50464,1.9427,-2.57848
SIDM00680,6.42668,-2.90912,9.21734,3.06709,1.83659,-2.93312,-7.09909,-4.0614,-0.9982,0.50957
SIDM00681,18.79908,0.14675,-2.15848,13.37782,-1.84389,-3.15557,-1.37225,-6.20768,-0.67856,-4.80668
SIDM00683,-16.11197,4.98016,-10.59361,-3.10862,5.01928,-9.76452,-5.0059,8.16089,-2.43715,15.34214
SIDM00684,27.77816,-7.8229,2.85955,-2.26421,-4.39604,4.68244,1.87201,0.09005,-5.32068,-1.02311
SIDM00685,-0.48653,-1.31323,1.8321,-7.80077,-3.33355,-1.75823,-2.13605,-5.85119,1.34377,4.26322
SIDM00686,24.76363,3.80103,-11.27102,1.80859,8.02761,-6.20017,-0.93519,-1.51093,-0.9232,2.18764
SIDM00687,8.42289,-0.08389,-3.27707,4.67141,-4.65565,1.53394,11.92594,-5.00476,10.43084,-1.08906
SIDM00690,-2.90494,-8.53948,3.95178,-4.88508,3.9433,4.19915,0.88782,-0.93776,-0.01551,-1.35707
SIDM00695,-11.17882,5.10284,15.65376,4.95324,-5.55316,16.62145,-11.95211,-3.65062,8.70926,0.87689
SIDM00702,-23.97896,4.94582,11.74189,0.93571,0.29551,3.11592,-5.13636,-6.65748,7.49149,-3.98898
SIDM00708,17.80456,-12.49651,1.00764,10.05031,-6.01587,-0.5566,-6.07407,-0.33614,-2.78345,-3.52985
SIDM00713,15.52842,4.43786,3.77304,-7.45244,-3.50889,-7.2908,0.55443,-2.3002,1.31112,-1.21472
SIDM00715,-2.55466,-6.93253,-0.72063,-0.36177,2.0349,0.4285,0.0179,-0.0559,2.23474,-0.12552
SIDM00716,-12.94637,7.18334,0.88891,-13.34924,9.70461,-6.25988,-2.2991,-12.72275,-2.50864,-1.40532
SIDM00718,1.66316,-7.39037,0.09483,10.44704,10.41241,-2.9538,-0.48588,0.04259,4.0638,-5.51038
SIDM00720,20.95016,1.18623,8.26494,-7.03068,2.38294,-4.39012,5.48934,0.75063,5.30388,-2.86738
SIDM00722,9.02057,16.42865,8.62155,-10.82199,-3.13894,-2.73351,3.26575,8.7978,3.50816,-0.52027
SIDM00728,13.16491,31.53442,9.04082,-1.53664,-3.31722,-0.15145,0.79588,2.47121,-4.24674,0.61129
SIDM00734,-0.9539,-3.38235,-2.59964,3.59252,1.09727,1.56432,-2.89384,-1.6283,3.39125,1.01137
SIDM00738,-6.35641,5.57611,-0.05045,5.26328,2.49813,-7.65794,7.08865,5.72361,8.99822,1.11352
SIDM00740,-18.65886,4.5636,-4.17316,-9.77059,-0.49965,5.41275,2.94601,4.90969,4.51958,0.27581
SIDM00742,25.98731,3.69337,1.63813,-2.57766,5.32927,-3.06213,3.07265,2.78101,-6.73519,2.58378
SIDM00743,21.27023,4.40017,9.70764,5.58763,14.19635,1.13004,6.98169,5.88801,-5.18874,-2.36917
SIDM00745,33.45574,-10.82598,-7.32348,-5.57646,8.00714,-2.73004,6.96733,-4.35964,-1.14901,1.99512
SIDM00746,-10.28043,5.25947,-3.80905,4.14002,15.42713,3.0927,-0.23883,-4.66322,1.67874,3.11199
SIDM00748,-12.88151,10.01419,-6.2616,1.49017,-8.38886,9.53686,6.24742,2.58908,-0.99272,-4.27231
SIDM00750,26.00615,-6.30623,4.7076,-8.61038,13.88268,7.38799,-3.36904,1.0715,-0.56185,-9.62403
SIDM00753,2.3183,5.44994,8.14991,-7.52741,0.05819,-5.92196,-3.22442,3.49787,-1.0693,2.2388
SIDM00755,37.3996,4.06973,-2.61861,-6.3247,-2.02709,-2.65133,1.22973,1.45998,-0.69394,6.87635
SIDM00758,4.47573,19.14085,-1.84533,9.11879,-1.90417,-6.13615,-7.70912,7.14716,-3.62594,3.18661
SIDM00759,-7.80675,-1.16729,2.45074,0.67203,17.40156,-2.00821,0.64532,-1.92427,3.82075,3.78126
SIDM00762,-4.92922,-7.82732,0.48078,2.75303,4.91227,-3.23883,-0.0986,-3.5624,-0.42744,3.02981
SIDM00763,7.05821,-2.82322,6.39995,7.65325,-4.48587,-3.61524,0.29188,5.28427,-0.5244,-2.86594
SIDM00768,18.93019,1.71954,-4.49361,1.55405,7.17945,7.45375,2.35598,4.67405,-3.01301,0.4183
SIDM00771,-13.73073,2.25353,8.45171,0.95212,-0.53442,-2.92763,0.56571,1.84098,3.00093,-1.90934
SIDM00775,6.01909,12.96741,4.45814,-4.79382,-0.04176,2.40441,-2.50481,-1.35217,0.05954,-1.13993
SIDM00776,14.63666,2.2024,-2.80942,6.89009,2.70249,-2.15185,-3.28175,-1.43352,0.69925,2.13638
SIDM00778,7.17795,-6.00014,3.14502,16.21135,10.98699,-2.02319,0.49011,-0.43888,1.77353,7.56739
SIDM00779,-4.87123,13.01287,1.95704,7.98171,-2.96912,-3.88515,25.3487,-2.15935,9.40888,-0.39311
SIDM00782,13.73688,4.8002,-6.19634,7.06019,-0.95199,-2.39977,-3.22503,-11.955,-0.21773,-2.13806
SIDM00783,-16.01951,-10.12252,8.20938,8.41571,-0.9582,-1.24581,2.38406,3.63987,-0.90668,-0.17346
SIDM00789,-6.72374,5.24628,2.34952,1.84975,2.0257,-10.00716,-5.86567,-4.46494,6.21162,4.4572
SIDM00795,-16.7555,-13.20018,20.78331,7.19142,-8.13764,4.43451,-0.25,0.9684,-0.11957,2.89719
SIDM00796,3.32883,-2.17119,-2.1793,-5.49868,0.47272,2.79512,-5.34397,-2.84776,-3.59611,-3.52042
SIDM00797,-10.87995,-4.43339,2.89886,-4.65629,-3.37926,4.64204,-8.03082,2.08829,-3.19386,0.56815
SIDM00799,-11.0737,-0.06761,4.60275,-3.22927,-3.78966,-4.75929,1.22389,-2.22153,2.28602,0.60821
SIDM00803,-8.72518,-8.64437,2.92425,2.17204,7.25837,-7.93646,-1.48882,-3.34675,0.58033,-0.2817
SIDM00807,-10.23694,-7.74264,1.09042,-1.3064,4.39702,-4.23227,3.51785,-5.02016,-1.88995,-4.92822
SIDM00810,-3.40136,-4.4939,2.95628,-3.01384,-4.89136,3.9793,-0.59056,-4.54357,6.29161,-1.39795
SIDM00815,4.10624,7.21587,0.2865,-1.76947,0.242,-1.37682,-6.1094,-1.81251,-1.77229,-2.5466
SIDM00819,1.70469,3.07792,0.4061,-0.52671,0.03949,-0.52698,-0.00868,-1.06539,3.59927,3.33053
SIDM00826,-13.65344,0.08648,7.77734,18.88808,-7.54281,2.45206,-1.4001,-9.82791,6.67459,3.44958
SIDM00828,6.7887,-13.73928,7.73865,-7.45477,-10.64766,8.75408,0.15278,-3.71519,-5.95979,4.99681
SIDM00831,-18.03195,8.97499,6.29667,-6.01516,5.26766,-1.9178,-1.50675,-3.20161,5.33547,-0.66742
SIDM00833,20.27907,-1.48957,-1.44982,10.8018,-3.29946,1.92501,0.06433,-6.98872,-4.28101,0.90357
SIDM00834,18.9919,16.12615,7.43001,10.80689,3.57323,2.08439,-1.93135,-9.1706,-4.14567,0.90641
SIDM00837,-15.92975,-0.10038,7.92935,-1.42319,3.75517,-3.20964,7.83811,-8.02079,0.25466,-1.81349
SIDM00839,-11.586,5.1795,12.77242,1.55274,4.8539,1.41782,-7.32824,-3.96736,6.83688,5.1003
SIDM00841,3.6364,-14.85213,7.38335,11.42768,-8.14504,-1.42981,-1.72946,0.8582,-1.87741,-4.72237
SIDM00842,-16.49074,9.76428,-11.60292,-1.3882,-3.67153,4.44315,1.39599,-10.25187,-0.89063,0.6153
SIDM00847,4.23197,-4.30256,-0.10864,4.66117,-1.26516,-1.82889,0.09362,2.91993,2.51517,-2.63653
SIDM00850,-19.98096,-2.30707,12.48896,4.55122,3.2635,3.72596,-5.8125,1.93097,1.82796,3.83099
SIDM00852,-21.62345,-4.24474,9.06659,-8.67517,-3.59572,-7.82552,0.44026,0.02189,3.72219,3.43233
SIDM00853,5.35927,-1.06478,9.15471,-9.95297,-3.30887,0.76055,-0.97252,7.85414,1.62289,-5.79029
SIDM00858,15.55105,7.76041,-3.09316,-4.04805,-2.75125,-6.90078,13.32648,0.93278,14.60212,-0.49403
SIDM00860,-8.56784,2.6734,5.07222,-6.88151,6.83226,7.46241,0.2269,-1.26407,-6.76882,-5.50622
SIDM00861,-2.3811,-2.72183,8.13508,6.45132,-5.09345,-1.93325,1.06877,5.26833,-8.25566,2.2602
SIDM00866,13.94224,3.98154,-1.56742,1.8795,5.52676,3.5624,4.23898,-1.06972,-1.98263,-1.20345
SIDM00867,33.48463,-13.00418,3.96013,4.57638,-5.93728,0.55845,5.67347,-2.85795,-0.56092,3.97305
SIDM00870,4.61211,9.06372,-9.8707,6.6733,2.74294,-4.26704,-5.07608,-1.2466,-0.80214,-1.72429
SIDM00872,3.69027,8.75893,-14.7962,-2.50496,6.95729,14.89774,-4.07887,1.60055,-2.36996,0.5638
SIDM00874,26.22652,-1.19351,-8.74935,-1.7738,4.09049,-0.61205,0.76575,0.50309,-1.41877,3.1333
SIDM00875,-14.13467,-3.20464,7.09747,-3.99869,6.17908,-3.62904,-4.41538,-0.00541,-7.1826,-4.65139
SIDM00881,20.76912,12.57956,-17.58314,0.1736,-9.84614,11.79088,-1.79637,-1.56501,-2.46739,-2.85255
SIDM00882,45.34765,7.79864,-19.95952,0.14051,6.21073,5.80133,-1.4371,-2.95006,-4.22848,10.00529
SIDM00884,1.13208,13.43975,-1.30995,-8.11264,-3.20119,1.34714,-0.98348,2.86603,6.20354,-2.80721
SIDM00885,-7.38132,6.13846,-15.27124,-1.22436,-6.02351,13.20861,8.46132,1.24908,0.34276,-10.90482
SIDM00886,-28.7927,3.61242,-11.58353,-1.44068,-5.388,7.22837,-1.90382,1.23258,-7.87064,0.181
SIDM00887,-14.33287,-12.41721,-1.15686,-6.77036,-2.9266,-4.18908,-5.25724,0.75116,-4.8885,-0.78084
SIDM00889,-16.07309,-6.51071,0.84131,-4.75238,4.09464,1.59013,-3.50987,-0.00975,-9.30453,3.3965
SIDM00890,16.52063,4.19963,22.20829,11.15991,-12.64121,7.24183,1.21727,6.97468,-3.98063,4.07434
SIDM00898,-10.20754,4.78765,-9.57142,-10.80517,13.67922,11.11031,-5.07367,-2.36388,-5.01018,-1.79744
SIDM00899,58.57022,-6.45504,3.72611,8.9916,-1.0834,3.66442,10.35223,4.06976,-1.7574,0.54094
SIDM00900,-29.00767,2.91571,-5.43303,2.14736,2.12076,-14.0865,-6.02389,2.14546,-5.32023,3.14891
SIDM00903,-16.30266,0.23821,13.96477,1.25086,3.42821,-0.93691,2.59158,2.95416,2.90053,5.48274
SIDM00910,-25.05759,-3.53475,15.45968,11.75495,-2.60374,8.39329,5.21799,-4.88086,6.57646,-0.96339
SIDM00918,3.51362,12.98101,-2.1369,7.12357,-1.62042,3.04011,-1.75267,3.33679,-9.22158,-6.45616
SIDM00919,-0.82057,1.27808,-0.81236,1.21501,-0.11436,-1.24082,3.19071,1.9287,-2.73455,-0.89778
SIDM00920,13.88664,6.21255,-18.4681,-2.76613,-5.97497,10.25178,-10.45161,4.95095,2.00217,8.56341
SIDM00921,0.91615,-0.07708,7.19288,10.60161,-7.47784,-1.15627,-4.06431,-0.82664,-3.63675,-4.24352
SIDM00923,-9.76347,-10.12259,-3.33946,-1.82584,9.76329,-4.09739,3.25573,5.35003,-0.68528,-1.86207
SIDM00924,2.80085,5.94251,-0.94972,-0.33567,-0.51642,0.26919,-3.53836,-1.38274,0.81323,-1.34559
SIDM00926,8.82593,20.22419,-2.00833,1.80242,-2.64214,-5.19458,-5.61593,-2.92195,0.34942,-2.01194
SIDM00929,6.60158,16.69192,-0.91659,-9.18522,-8.48678,-0.57296,3.6074,3.37711,3.49429,-11.92847
SIDM00930,-0.72015,14.8103,8.50987,-11.19858,-7.17724,0.34066,-1.82426,3.69663,1.49524,-3.34845
SIDM00933,-15.36102,-2.70174,7.88761,-12.44329,-4.2502,-1.12668,-4.19333,-3.75034,0.54834,5.72481
SIDM00934,21.0111,-4.10518,1.06586,6.17476,-1.53325,1.80911,-3.72707,-6.11275,-5.83085,-4.25909
SIDM00936,-7.4012,-0.17761,7.50787,-7.73607,8.66812,0.71108,1.38398,4.95653,-4.2734,4.64353
SIDM00937,-15.23823,-4.30946,4.71795,-4.47115,9.24048,7.07424,5.26959,-6.91997,-8.51824,-5.62266
SIDM00941,0.97918,1.88429,1.42668,-0.74763,0.21137,-1.34813,2.35637,-1.314,0.92914,2.65032
SIDM00942,-11.72515,-6.28603,3.55943,-7.54692,6.78488,0.72562,7.01178,-7.90051,-4.14571,2.27816
SIDM00944,8.70077,19.43692,15.82293,11.76992,-10.078,-2.03673,7.24318,-4.29565,-3.6627,1.67954
SIDM00947,8.67044,8.43512,0.98237,5.73383,-0.35302,-5.74593,8.19517,5.59739,4.69748,2.69068
SIDM00949,-43.74735,4.82638,-5.40321,-0.95673,-3.43925,-1.39811,-5.27561,1.03197,0.14588,-8.72383
SIDM00950,-6.37467,9.68634,4.75095,0.90075,4.95936,-3.59561,4.25402,6.03459,-3.90331,3.60064
SIDM00954,-8.23702,12.9665,-10.93095,0.2196,-1.05541,-0.45775,1.92191,-5.14287,-0.86427,-2.74503
SIDM00956,37.46414,0.59503,-2.65964,-1.45731,0.76078,-2.0434,-8.41215,-1.56066,7.06925,-9.37435
SIDM00957,67.47964,-2.59814,5.09529,10.90273,2.10646,4.13624,7.39816,-3.95887,-3.15343,-9.54937
SIDM00965,-21.37573,10.05921,-10.66595,0.83278,-3.62569,-8.16815,6.61087,3.73379,-0.30119,-3.05542
SIDM00967,16.12581,5.48253,7.5588,2.19167,20.05521,3.22986,1.93318,-9.78637,1.88777,0.94131
SIDM00968,-2.56112,-11.07427,11.68978,5.10244,-3.07323,-0.74369,4.44405,4.77983,-3.99978,4.85901
SIDM00969,-11.92419,6.75828,12.05411,-11.84276,-1.81574,-3.06394,-0.38603,-1.2785,4.46222,1.58323
SIDM00973,-12.07135,-5.50321,9.19277,-0.43986,-0.54654,-5.01488,-7.34165,2.10852,0.07454,2.42902
SIDM00980,-10.10837,-0.25727,-1.63584,-3.67773,4.11592,0.11636,-4.24468,2.38796,-1.62634,2.54906
SIDM00982,-11.58478,3.34398,3.27931,-8.11288,-0.32505,-7.37763,4.22192,5.45954,2.10995,4.0256
SIDM00983,-3.03528,-4.64823,1.60922,-8.6864,-1.04535,-1.39268,-6.15702,1.19471,-8.09229,-1.03912
SIDM00986,-2.20373,-7.42307,-2.18632,2.18201,2.98407,0.20541,-2.48491,-1.95217,0.86842,-0.15954
SIDM00988,-7.46684,2.59931,5.23496,-10.47975,-1.03623,-4.39572,-3.98922,-0.8412,0.01125,6.20362
SIDM00989,-26.52484,-3.51375,9.09985,3.96001,-1.29211,1.10327,-2.97271,-1.65846,3.37531,-1.57873
SIDM00993,-36.1558,7.80977,-7.21132,5.15368,-1.46682,7.02662,-1.36182,3.81388,2.8057,-1.84581
SIDM00995,-3.98934,-11.12,-3.27502,2.65461,2.61445,-0.19112,-1.95096,-2.73205,2.0407,0.11362
SIDM00997,16.28808,2.42445,8.30841,-1.02911,-2.87184,2.2056,-7.80122,-0.28947,13.74276,0.21304
SIDM00998,-20.99189,-7.20146,-1.50577,-7.2106,-0.39216,1.46796,-4.42111,3.30258,-1.74018,1.37068
SIDM00999,-5.82259,-6.01633,5.41711,-9.26971,-3.32846,-1.14641,-2.67045,-3.87245,-1.08709,0.20002
SIDM01001,-33.70638,-1.01289,12.88443,21.63574,-4.73604,6.54022,-1.88929,-6.71792,-2.75129,5.33331
SIDM01005,-13.99205,-8.57203,-6.35319,6.82447,4.51315,3.46907,6.46701,6.8567,9.69314,-0.96027
SIDM01008,-17.67487,7.64743,-16.62175,0.85778,2.08593,3.50253,-6.20437,7.77137,3.4413,2.73128
SIDM01009,-27.0264,2.69897,0.93927,-4.00017,-8.1964,0.69822,5.4296,-2.8437,-6.23338,-4.3214
SIDM01010,-24.44953,4.85371,-4.45905,-1.30198,-1.24599,2.62764,-0.19642,7.7907,-6.59989,-3.93814
SIDM01024,25.58814,-2.35866,-6.95092,-3.08303,-4.67527,0.69085,-1.7498,-3.50529,4.18754,1.38936
SIDM01025,18.99458,2.57973,0.44786,2.27936,14.67216,-4.70194,3.48582,-2.86335,4.42416,2.59525
SIDM01026,-4.3713,-8.02173,3.54361,-5.60519,-0.28878,1.7793,-4.29917,-2.89235,2.78585,-1.25995
SIDM01027,-3.69648,-10.0811,-5.99952,0.36632,15.91961,0.44599,-0.61904,-1.82591,0.49616,-3.43711
SIDM01028,14.57365,-8.0735,2.52428,-1.94017,12.49437,3.15741,1.64177,-2.55993,3.52071,-0.08292
SIDM01029,-9.73326,-7.64778,-1.03387,-6.36396,7.79597,6.29304,-5.13269,-0.60984,-1.02026,-5.94741
SIDM01030,-12.42007,-2.08304,-3.37597,-5.05385,7.38118,3.4645,-2.60335,-2.7866,-0.0747,-2.9545
SIDM01031,-6.5383,2.84352,1.07315,-0.04668,4.89293,-2.60759,-8.72988,-6.31607,3.33018,-0.00061
SIDM01032,-9.83039,2.50276,0.1639,-4.27483,11.4916,1.88583,-6.56557,-1.41758,3.54795,-2.33395
SIDM01033,-14.52499,7.88976,20.31764,6.60098,-5.69147,2.92028,1.73529,8.09586,-6.5898,0.39718
SIDM01036,-23.30087,3.57189,-11.87375,2.13828,-2.69417,9.44806,1.12072,-2.2943,-2.28347,-0.88068
SIDM01037,4.58754,-2.37645,-0.60928,-8.03151,2.25987,0.57718,-0.01244,-1.4554,3.06468,4.34126
SIDM01041,-9.71286,-1.20544,1.33191,-3.81118,1.90368,0.67758,-1.14469,8.6912,3.28589,-6.91713
SIDM01042,-17.87343,9.13027,-14.64778,-6.92329,2.26567,10.64061,0.18223,13.95444,1.96954,4.69599
SIDM01043,-20.28812,-3.1666,3.76607,-9.60844,0.42168,-4.0992,-5.73299,6.84874,0.494,-7.24975
SIDM01044,-16.18742,-2.41063,-2.84284,3.19288,10.89614,3.82241,0.62207,8.77984,2.07867,-3.88338
SIDM01048,-10.39558,4.0467,-11.8032,1.5814,-1.31182,-0.82802,-0.93765,1.2194,-4.56798,-1.48335
SIDM01050,31.7555,-5.11504,-2.07998,0.03294,-3.98253,4.16442,4.72044,-2.5385,-2.98598,7.8241
SIDM01051,-0.31262,-3.21568,0.45923,0.25697,3.55817,1.57535,1.49303,0.3647,3.94902,2.76448
SIDM01052,34.42259,-5.31003,-4.94103,1.64602,1.74008,-3.27073,-2.4604,6.69652,2.34243,-7.53931
SIDM01055,-5.85011,-7.76274,-3.0244,-2.6601,0.13773,-8.44877,1.0205,4.26988,5.87076,1.25277
SIDM01056,12.0792,1.83333,-15.59269,-6.15475,-1.23872,2.59974,-2.67263,3.717,8.37688,3.29828
SIDM01059,-1.2152,-3.15162,2.99591,2.95398,-1.09045,1.59106,2.23837,2.54227,-1.96599,2.29259
SIDM01060,-0.22503,-6.7191,-0.3926,4.92614,-4.6774,1.25514,-5.17301,-3.28317,-0.61374,1.90911
SIDM01067,6.32226,8.0791,1.98168,-3.15082,24.52007,-2.07865,3.25279,-5.5123,-6.5832,-3.03913
SIDM01068,0.52166,-1.50959,-1.48094,-1.7087,3.37479,-7.40375,3.04744,4.28816,-4.52217,1.69916
SIDM01072,6.61106,4.71906,1.879,0.52382,-9.29875,2.2243,3.42807,-8.10005,0.62173,0.10338
SIDM01076,-56.35268,-8.38415,-7.98198,0.37629,-2.54495,0.6454,7.17899,-0.01767,0.43801,2.97187
SIDM01077,-0.05937,4.06305,-19.12586,1.60511,-6.1356,3.712,-2.76182,3.93979,3.40803,-7.10612
SIDM01080,12.11374,-2.11124,-5.72966,9.25053,13.2083,2.2385,4.6748,5.63263,-0.17265,-5.81806
SIDM01081,7.7925,2.86845,2.7406,-2.14799,0.334,1.13008,-2.21268,-1.94532,3.18612,-4.55236
SIDM01082,-0.12539,-1.82886,-4.70241,5.3018,4.09939,1.00416,-1.00994,1.34564,0.40791,-0.72167
SIDM01084,11.73411,14.36159,4.04688,-14.33974,-6.82431,-1.8357,-3.76157,-1.63722,8.86818,-9.89532
SIDM01087,-19.92813,-4.15703,1.94517,-0.93704,-0.08787,-3.62718,-3.65448,6.24353,0.44791,2.55915
SIDM01088,-6.88818,3.66721,-0.76434,0.02563,-3.24607,10.9919,-1.49042,-2.48937,-2.75791,-0.45486
SIDM01090,-13.22835,-8.90377,2.41186,5.62853,-2.95924,2.40632,-8.7224,2.49262,1.54228,2.38231
SIDM01093,29.40614,12.53211,-0.40743,-7.87076,-7.68491,2.62392,0.60914,3.44278,-4.19353,4.38637
SIDM01097,-28.73039,0.46001,-10.22798,-5.75135,-7.8855,0.65752,-1.90756,-0.42049,-0.60678,-3.78199
SIDM01098,-8.03465,-5.06477,2.19307,-3.17314,-5.61479,-5.01503,2.6899,-9.46237,2.47001,0.50656
SIDM01099,9.83262,12.32234,0.53057,8.41581,-5.78301,0.53539,7.06096,0.64115,2.08174,-2.30884
SIDM01100,-12.83092,10.12999,3.2767,-4.90372,-7.75454,-6.71249,2.81017,-8.35553,-0.68975,-1.76903
SIDM01101,4.54727,1.92519,-0.02612,9.77911,-6.93117,3.73713,3.72643,8.81509,-4.98256,-3.75797
SIDM01103,5.08581,-8.88547,4.05757,1.77831,9.38973,-0.89364,-1.61269,-3.95863,1.05116,0.6798
SIDM01106,16.04107,2.10758,14.03535,5.60278,-5.33939,-3.19199,1.61496,7.79635,-0.12212,-0.72238
SIDM01112,2.01669,-3.8435,1.96066,2.63666,-2.49263,-3.97064,-4.62574,1.53772,3.04407,0.65364
SIDM01113,-4.24769,-8.36242,3.61958,-11.8295,-5.83309,-0.75683,-6.0746,-1.57155,-0.3491,-0.37085
SIDM01124,14.45385,-3.35768,-2.73006,4.79181,-4.33878,-3.00825,-1.15575,3.12545,-3.13923,-4.13276
SIDM01128,-12.80828,3.67357,-13.26009,-0.02638,-9.08463,-3.35652,-3.81764,-5.76623,-4.6073,-5.68099
SIDM01130,-1.53089,-0.92741,-11.82405,3.20482,0.51804,-10.05165,-4.00485,4.23311,6.12704,2.26966
SIDM01135,15.27107,-8.34281,-0.78194,6.89544,3.71516,-5.24858,-3.16803,1.55079,2.57559,0.56134
SIDM01136,30.67993,-3.60974,-8.71825,3.04032,0.67953,-4.93159,6.89301,3.09598,7.56796,-3.18509
SIDM01137,34.00933,5.43611,7.70464,4.35007,3.75583,-0.87438,-4.1439,3.40377,5.0513,-2.73841
SIDM01138,7.10103,-14.35672,3.10072,0.21091,4.82088,0.5799,-0.11216,3.51111,-0.10837,-7.06831
SIDM01139,8.95432,-0.75202,8.82279,9.2629,3.90868,-0.45211,3.71148,3.55588,0.05886,-1.54051
SIDM01141,18.93481,-3.35091,5.45291,11.21496,-9.13318,8.06305,-2.51685,-0.18463,-1.20477,6.49618
SIDM01145,-20.91708,23.9434,-1.77003,-4.39307,-6.34683,3.51465,9.53486,-1.13174,-1.09362,-4.83989
SIDM01146,-6.67536,4.75182,-11.47662,10.37848,-4.27194,-2.32802,-7.52783,-4.53325,-5.88146,-1.30717
SIDM01147,1.43926,6.00809,-1.37142,0.96756,23.18898,-1.64518,-3.6422,-4.52564,-1.17177,-1.12034
SIDM01150,0.72629,2.79667,5.54972,-5.67332,-2.1034,1.46602,3.71817,1.42266,-1.02942,-0.06926
SIDM01151,19.00498,-11.7185,-4.79311,-0.67608,1.44027,-0.28487,5.85827,0.83744,0.83493,-1.88617
SIDM01154,-21.4001,-0.86051,-9.22802,1.08138,-1.82443,-13.58047,-5.72463,0.27083,0.82361,-4.49286
SIDM01155,7.22532,9.46483,-0.50706,-8.32903,-3.69802,-3.42332,5.69053,2.61818,8.01813,5.35574
SIDM01156,17.67559,-9.18459,1.98631,7.28829,-3.80419,-2.77451,-4.98091,6.21636,3.74194,-6.11712
SIDM01161,-14.08866,-10.58543,13.16833,-2.94881,-3.46448,-8.00349,-1.608,3.5669,7.30194,-0.80325
SIDM01163,33.49238,-5.05954,-0.86139,-8.66936,-8.43054,-3.43932,5.82199,-1.71568,-2.07344,3.38352
SIDM01165,41.56762,-5.79227,2.07169,-4.61816,-7.79226,9.07003,-5.16366,2.33906,0.12312,-3.02195
SIDM01168,12.12515,-5.50258,1.48086,11.75175,-2.96554,1.08404,-3.34664,-0.64943,1.83675,-0.96654
SIDM01169,-6.78413,2.8898,8.18585,-8.06139,3.58941,-2.99655,5.75587,15.14354,-3.34004,1.63756
SIDM01170,-16.77821,-11.55496,-3.16047,-2.17514,-2.34784,-0.13395,-2.40475,-2.97974,-1.06771,-2.36462
SIDM01171,2.10805,-0.81058,2.09796,-9.82476,-3.10842,-4.58623,4.22394,3.64821,4.07248,0.46754
SIDM01172,-1.66496,-0.54919,-9.08912,8.14141,1.22411,-4.37539,1.32666,1.81205,-5.11624,-0.11193
SIDM01181,-13.73236,-5.45926,-8.50865,0.92666,-6.41299,9.78595,-4.29529,-1.75758,1.70937,-5.6831
SIDM01182,1.28815,-9.88194,-2.40266,-3.49084,-2.88388,-2.89895,-0.97742,4.35425,-2.65976,0.8634
SIDM01186,5.4043,16.68032,-6.17845,3.83073,12.02968,0.60615,-3.99771,-1.44206,-5.26296,5.65855
SIDM01188,45.03501,-11.58116,-2.04122,0.89307,-0.47778,5.13685,4.11487,-3.80718,-3.45083,2.19712
SIDM01189,21.98867,-1.57332,-0.89052,-2.92317,-3.7409,-5.38362,-0.71355,5.5378,-6.50423,3.98912
SIDM01190,18.84324,-1.85849,-0.95967,-8.59906,-5.28344,-2.16989,4.48347,-2.47786,-0.85702,1.80765
SIDM01191,10.76636,4.51717,7.55951,-0.3195,-3.34574,0.11341,10.53799,5.65093,1.88757,-1.52115
SIDM01193,12.76689,7.21984,1.64415,-5.19818,-7.4914,-8.67738,-1.64295,-0.46835,-3.33241,9.34191
SIDM01194,19.60379,-3.76025,-2.64402,2.6959,4.97255,-5.2427,2.66581,-5.79214,8.11299,0.69157
SIDM01197,19.0611,17.25935,-1.07348,13.44523,-5.15161,7.66163,3.23451,-1.18032,2.95259,3.00359
SIDM01219,4.34328,-7.59843,11.21935,-1.72755,-3.56282,-3.57187,6.91691,-3.59416,-1.64414,2.64296
SIDM01220,-0.60304,4.6661,3.50461,-5.19881,-4.91676,-1.74722,0.27941,0.69165,0.81823,0.58855
SIDM01229,-5.32276,8.01585,5.20782,3.46592,-5.16505,-1.87619,3.82544,-2.61932,-1.80387,-2.38075
SIDM01233,15.93066,4.07501,-1.68646,5.34841,3.45484,1.74751,-1.19909,-5.24584,-0.2652,12.01636
SIDM01246,-6.49582,-13.59838,-0.63998,-2.86137,-2.00177,-0.48061,1.71999,-1.09254,-1.10513,-0.32129
SIDM01265,-24.36543,9.17024,-2.75855,-2.33137,0.30213,0.8156,-2.05375,-0.88667,1.39326,9.08524
SIDM01070,-0.38468,0.05757,0.307,-0.18856,1.15832,-0.39883,-0.28471,0.60299,0.13453,-0.80013
