DRUG_ID,DRUG_NAME,VERSION,PC1,PC2,PC3,PC4,PC5,PC6,PC7,PC8,PC9,PC10
133,Doxorubicin,v17,90.40847,-11.96298,8.97084,-4.25532,3.94796,-6.16164,14.32691,-6.41424,-7.36748,-2.30491
134,Etoposide,v17,16.82058,-12.40141,12.0224,-8.44027,10.57393,-8.70695,15.37843,-4.08331,-7.47477,-3.03227
135,Gemcitabine,v17,104.30575,-12.51173,14.12446,-12.55341,8.06861,-17.10909,22.0227,-7.03262,-9.43416,-0.4494
136,Mitomycin-C,v17,68.23965,-9.15549,5.29378,-5.05146,4.43453,-6.6266,11.44614,-4.21492,-8.53086,0.79747
140,Vinorelbine,v17,135.78243,-6.69267,11.13753,1.82043,0.20881,2.07143,9.91139,-7.44203,-7.76302,-5.30644
147,NSC-87877,v17,-58.87133,-10.82962,-0.27175,0.54554,3.16484,0.32102,1.91335,-0.93335,-1.58596,-0.24137
151,QS11,v17,-20.86308,-9.40364,7.33372,-5.31253,3.57278,-2.43162,8.27222,-7.13031,-5.96241,-0.67518
152,CP466722,v17,-10.23111,-8.41864,14.22052,-3.45792,-7.57032,-2.33079,-3.3967,2.18675,0.70816,0.00912
153,Midostaurin,v17,52.26077,-9.64629,2.01135,0.62718,3.81629,-1.52112,-1.88637,-5.76588,-7.50063,-7.2547
154,CHIR-99021,v17,-15.86941,-8.57039,-1.19047,0.33259,3.47154,0.3764,-2.17971,-3.84827,-0.66992,-2.92532
155,Ponatinib,v17,38.15955,-8.41706,3.96284,-2.21858,2.61172,1.67858,-4.46548,-4.04354,-6.595,-8.6356
156,AZD6482,v17,-0.59436,-12.27392,5.61527,6.6271,1.11495,-0.66314,-0.98949,-10.71987,0.69277,0.21793
157,JNK-9L,v17,57.02191,-10.26646,4.32442,0.42687,0.04136,1.49515,4.42664,-4.80978,-5.70865,-1.76508
158,PF-562271,v17,10.44063,-10.68585,2.36566,-0.83604,2.41494,0.33792,2.06782,-4.33157,-5.4563,-4.66549
159,HG6-64-1,v17,29.13676,-15.13619,3.65461,-0.42768,5.06843,-1.69482,-0.1098,-7.78019,-7.35017,-7.98105
163,JQ1,v17,47.55564,-10.91113,6.40072,0.92028,-2.21339,1.78898,3.79612,-10.17685,-6.01004,-2.74124
164,JQ12,v17,23.60892,-11.29123,6.59032,-2.36103,2.32338,-0.2196,6.80675,-9.41752,-8.96612,-1.07249
165,DMOG,v17,-90.65627,-17.15073,2.52445,-0.22473,6.31072,-2.47347,1.72081,-5.08286,-2.11831,-3.21253
166,FTI-277,v17,5.79415,-9.76838,-0.92282,0.03266,1.93483,1.77474,0.68405,-4.32206,-2.03436,-0.75407
167,OSU-03012,v17,10.20682,-13.52007,6.44823,-1.70615,3.508,-2.89747,6.50468,-6.52008,-7.92586,-0.92155
170,Shikonin,v17,48.00012,-12.87226,4.93444,-0.33213,1.44515,1.68757,4.68182,-7.5578,-3.83533,-0.32115
171,AKT inhibitor VIII,v17,1.82863,-11.6053,2.60029,5.61912,-0.41478,2.06297,1.97738,-7.75,-3.37876,1.51175
172,Embelin,v17,-11.26186,-14.10238,0.28594,-0.80381,4.21835,1.13541,5.91322,-6.97578,-4.52209,1.09481
173,FH535,v17,8.78417,-13.64867,-0.13141,0.93047,3.85339,6.26755,5.36417,-7.18761,-5.62371,2.55498
175,PAC-1,v17,0.39043,-10.76706,6.56695,-1.89088,-2.29265,-2.42091,2.4561,-5.79658,-4.51746,-3.08356
176,IPA-3,v17,-40.54882,-10.04674,7.77249,-3.31904,2.66185,-1.99135,6.0762,-5.91822,-3.02764,-1.67657
177,GSK650394,v17,-20.94193,-12.63567,8.37319,-5.24535,6.57438,-5.30852,11.13418,-6.94043,-11.02538,-3.26116
178,BAY-61-3606,v17,0.02012,-10.57807,9.28359,-5.42617,2.07678,-5.31923,5.23087,-5.391,-7.00749,-4.76171
179,5-Fluorouracil,v17,-28.22734,-7.0453,14.00809,-11.64575,-7.09188,-6.41423,2.36519,4.97136,1.25917,-0.64925
180,Thapsigargin,v17,140.77031,-10.83794,9.68459,-0.46284,0.82559,1.96762,8.12122,-10.25639,-13.29086,-4.51652
182,Obatoclax Mesylate,v17,74.37199,-13.26149,8.76686,-3.82805,-0.14477,-1.20058,10.66215,-9.28041,-9.22291,-3.01727
184,BMS-754807,v17,40.42838,-10.45786,1.90055,-7.01859,-0.1416,0.1469,-1.67476,-4.91559,-15.75794,-7.56405
185,Linsitinib,v17,5.13045,-10.04888,0.36454,-4.51779,-2.35225,1.67246,-3.45363,-2.63071,-10.2583,-4.11229
186,Bexarotene,v17,-25.39217,-11.0647,0.93891,1.32349,4.33119,2.97419,4.47946,-5.32117,-5.17864,1.39621
190,Bleomycin,v17,15.97572,-18.45064,6.29593,-6.51501,8.98559,-13.08792,16.12056,-10.64157,-9.44916,-4.26937
194,Luminespib,v17,117.15953,-11.19083,6.45874,-2.55783,-0.12969,-3.22433,5.56429,-7.79402,-6.24596,-3.04758
196,Phenformin,v17,-118.31821,-10.90897,8.78828,-5.77408,-2.9366,2.07948,1.07399,-2.60529,2.6494,3.3431
199,Pazopanib,v17,-20.58547,-8.69522,2.52951,2.49048,7.56267,3.57323,-4.06511,-6.39538,-4.41689,-3.18306
200,Dacinostat,v17,110.38013,-7.44893,7.14472,0.36243,-4.83327,2.9217,4.13365,-5.88862,-7.05193,1.67187
201,Epothilone B,v17,163.67171,-9.63677,8.98877,-1.68049,2.39753,-4.06327,12.53912,-8.43694,-14.67047,-2.51385
203,BMS-345541,v17,-19.79826,-7.81244,10.36577,-3.56681,-7.45029,-1.18167,1.33051,1.9071,1.65107,-1.42605
204,Tipifarnib,v17,16.90846,-15.5082,7.18429,-2.32778,3.30585,-0.78957,10.87651,-11.53804,-11.1959,-4.07955
207,AS601245,v17,2.91982,-13.1808,3.46286,1.9972,2.96994,-0.17707,5.41387,-7.32995,-7.14924,-2.85808
208,Ispinesib Mesylate,v17,89.47477,-1.18362,18.62244,-6.23628,-8.90841,-1.18321,0.29386,2.99834,0.47621,-2.55918
211,TL-2-105,v17,-39.88914,-6.32136,10.84085,-2.39928,-4.05005,1.29008,-4.44417,-0.69405,1.24754,1.18771
219,AT-7519,v17,21.21778,-7.33324,20.4082,-4.55036,-15.64023,-2.26208,4.71289,4.58487,9.18541,-4.3835
221,TAK-715,v17,-43.20168,-8.61242,9.69354,-1.36034,-2.8196,-2.20416,1.23381,3.14682,-0.50003,0.75223
222,BX-912,v17,-15.51547,-2.66602,16.6241,-7.54466,-3.54522,-1.60468,-7.85678,6.19911,1.08852,-7.33196
223,ZSTK474,v17,25.04382,-8.9909,17.44937,0.98284,-14.75943,-1.69977,-5.35313,-0.84978,2.10107,3.54511
224,AS605240,v17,-17.4882,-13.24707,6.97388,-11.17269,-13.77817,2.40891,1.61032,3.73028,2.77644,2.33632
225,Genentech Cpd 10,v17,-7.4859,-5.12926,19.53359,-4.11445,-7.82399,-4.99967,-4.02868,3.51254,1.89895,-2.36203
226,GSK1070916,v17,6.04414,-1.00674,22.1453,-9.00626,-7.41112,-5.09118,-7.49744,7.76057,-0.10374,-8.09711
228,AKT inhibitor VIII,v17,-10.74173,-5.83304,16.55102,1.39007,-11.75209,0.69652,-3.30832,-1.42776,1.69493,0.75398
229,Enzastaurin,v17,-21.8754,-13.05711,10.10599,-3.34028,-14.52292,-2.84474,-3.16905,0.29044,0.00339,-5.14495
230,GSK429286A,v17,-58.97033,-6.0954,7.27021,-4.31265,0.33779,-1.99838,-1.52847,0.91437,1.56299,-2.17584
231,FMK,v17,-61.1269,-12.09763,2.34386,-2.84325,-1.54411,-0.90704,0.18265,0.35624,1.34542,-1.46502
235,QL-XII-47,v17,16.57735,-10.91093,17.51172,-5.42152,-12.45051,-2.48536,-2.03963,-0.13072,4.13755,1.62577
238,Idelalisib,v17,-48.10692,-10.93032,9.62037,-1.21986,-6.03785,-1.36901,-3.9537,-1.6362,4.78683,1.04906
245,UNC0638,v17,-25.85169,-9.14344,15.4432,-5.92757,-8.01773,-4.12358,-4.79625,0.14292,4.75897,-0.29444
249,Cabozantinib,v17,-11.52625,-6.55422,8.47514,-4.21281,-3.03144,-1.50719,-8.33841,1.16906,-1.25195,-0.72125
258,STF-62247,v17,-48.29186,-7.24466,5.72022,-1.65219,-0.37099,0.23395,-1.1516,0.23239,1.67435,1.05076
262,VX-11e,v17,-11.2158,-11.57348,2.6566,-14.861,-11.07159,0.32934,1.68407,1.25408,0.46631,1.82669
265,Tubastatin A,v17,-50.56147,-6.87122,12.6585,-5.24434,-3.67221,-1.85052,-1.8778,1.96862,2.01774,0.42564
268,Sepantronium bromide,v17,130.98284,-7.25795,17.61575,-0.43938,-13.88882,-4.04784,-6.61847,4.44468,14.50013,7.50362
269,NSC-207895,v17,-42.19634,-9.04236,10.49075,-2.0594,-1.03696,-2.10589,1.26087,2.00874,3.13595,2.05951
271,VNLG/124,v17,-36.24228,-6.68897,4.61992,-0.66296,0.72505,1.35312,-0.33649,1.07289,-0.63696,0.4441
272,AR-42,v17,52.39577,-3.212,15.01566,-6.53587,-13.08031,0.19708,-7.71374,6.56992,1.72387,5.73987
273,CUDC-101,v17,52.93797,-5.02442,14.96363,-2.73601,-13.63392,-1.37649,-4.43997,7.76201,5.07155,4.96806
274,Belinostat,v17,40.25782,-4.75582,15.96958,-7.07219,-14.01681,-1.32276,-8.14935,7.44205,3.97319,6.59439
275,I-BET-762,v17,-36.56836,-4.27526,16.27377,-7.61006,-8.13245,0.0695,-4.23358,2.30819,2.62459,0.18144
276,CAY10603,v17,26.40944,-5.15814,16.93455,-7.82738,-10.56292,-1.96375,-7.32757,5.10641,3.86412,5.99234
277,Linifanib,v17,-1.56899,-5.60294,2.3449,-0.97744,-0.08269,3.7085,-2.97104,1.37103,0.03276,-3.00018
279,BIX02189,v17,-46.96222,-8.13504,9.68117,-4.29271,-2.95883,-2.97326,-4.86729,1.75539,1.77076,-2.35146
282,Pelitinib,v17,13.81542,-12.75333,12.91267,3.87675,-17.66281,-8.34498,2.31198,6.58116,0.52743,-0.55252
283,Omipalisib,v17,112.0524,-6.1009,20.79687,1.92832,-18.76259,-1.93067,-6.72265,0.5938,1.397,5.22058
292,Masitinib,v17,-31.94458,-6.85786,11.08557,-2.95886,-3.53971,-0.524,-1.96499,0.24103,1.09644,-0.93076
293,Amuvatinib,v17,-32.04015,-5.01577,7.63848,-1.43369,0.03833,5.64889,-0.92226,1.97276,-1.53417,6.06528
299,OSI-027,v17,21.26634,-8.11194,28.50066,-3.94076,-13.56243,-4.7579,-4.84307,2.2529,4.07709,6.59915
300,CX-5461,v17,-17.94521,-5.6269,17.67129,-13.28781,-4.71182,-8.95612,-0.58178,5.28624,-0.74915,0.01773
301,PHA-793887,v17,-5.87523,-4.93571,22.37491,-6.4518,-11.65102,-4.57488,3.03642,5.09579,8.32576,-4.12144
302,PI-103,v17,22.2643,-2.73339,25.67971,-0.60034,-14.37073,-9.2563,-7.09475,-1.55031,8.21838,1.4823
305,TPCA-1,v17,-21.37736,-7.10836,15.60992,-7.07213,-6.17252,-5.34037,-5.09686,5.83044,-0.26985,-2.735
306,Fedratinib,v17,-4.31463,-5.38887,13.48443,-3.07015,-8.555,-3.24803,-8.40916,2.40526,1.09232,-6.0025
308,Foretinib,v17,43.04666,-7.16212,8.44458,-6.14403,-5.24577,-3.42384,-9.7632,3.66446,-1.17718,-1.16031
309,Y-39983,v17,-48.60363,-5.50537,10.57275,-5.07576,0.66985,-2.6895,-1.61466,1.31052,2.18311,-2.87785
310,YM201636,v17,-3.49987,-5.79337,12.70304,-0.90346,-5.3565,-2.2151,-4.42778,-1.08762,1.18548,2.426
326,GSK690693,v17,-30.54999,-5.37607,19.00877,5.65505,-7.67665,-3.36669,-2.76906,-2.73688,4.72443,2.61136
328,SNX-2112,v17,61.14176,-5.24673,18.62901,-11.76164,-12.58847,-8.2814,-2.74064,5.3453,2.67689,-0.72059
333,T0901317,v17,-47.40805,-6.17873,4.79029,-1.67423,1.76363,1.52742,-0.68019,1.39748,1.52607,1.6999
1001,AICA Ribonucleotide,v17,-121.92797,-11.13558,0.4736,2.14938,3.16259,1.9044,1.55147,2.41734,0.93575,-0.74239
1004,Vinblastine,v17,141.89015,-2.71052,0.26574,4.66752,3.99714,6.50975,-1.79077,3.63525,1.20688,-2.60315
1005,Cisplatin,v17,-11.67452,-10.5006,-0.47329,-0.9635,8.7391,-0.67243,0.75795,2.51094,2.46634,1.63325
1006,Cytarabine,v17,49.72917,-10.35587,-3.84435,-0.72593,8.59524,-0.49592,0.50033,2.93806,1.13912,-0.14916
1007,Docetaxel,v17,164.65694,-6.38767,-4.5953,7.25951,5.69383,6.07999,0.25493,1.92153,1.37014,-0.46728
1008,Methotrexate,v17,56.05461,0.15714,4.25866,-2.29403,-1.66364,0.55364,-1.37297,2.56103,-1.44267,-0.01915
1009,Tretinoin,v17,-37.93746,-6.21162,0.45678,2.09291,3.32035,4.89349,-0.97235,3.23271,-1.41732,1.23004
1010,Gefitinib,v17,29.72877,-10.55141,-5.68497,9.76346,-4.17216,-0.40876,2.93578,7.97734,-4.00863,1.74428
1011,Navitoclax,v17,13.3764,-2.74102,4.03647,-0.96997,0.95091,5.06872,-4.80389,4.78418,-4.72149,5.87077
1012,Vorinostat,v17,25.17192,-4.93113,0.3556,1.20396,0.62613,6.11806,-2.58919,5.4077,-1.54786,1.51904
1013,Nilotinib,v17,-11.84221,-7.75411,-0.97588,-0.21256,2.92792,5.65291,-2.17723,1.15448,-0.40897,0.99822
1014,Refametinib,v17,23.42066,-17.8843,-18.42219,-10.87087,-4.60121,8.69282,1.84705,2.82252,-1.29083,0.92742
1015,CI-1040,v17,4.65615,-15.94544,-12.17865,-8.28198,-3.17511,8.30049,1.77239,5.14585,-0.1733,2.82115
1016,Temsirolimus,v17,95.72276,-8.56471,-3.1417,7.75742,6.92573,6.71676,-4.88093,-0.12531,2.7797,6.29482
1017,Olaparib,v17,-28.34085,-7.67832,0.9757,-1.75508,6.86114,0.68281,-1.22497,3.223,1.02532,2.01484
1019,Bosutinib,v17,12.65593,-12.15843,-4.65843,6.70427,1.3663,-0.52867,2.24,9.01197,0.49024,-0.16884
1021,Axitinib,v17,5.56424,-4.63413,-0.0048,0.67855,7.18293,5.68422,-6.61119,4.88519,-3.10312,-3.29823
1022,AZD7762,v17,60.77056,-4.86717,-2.25685,0.5419,3.69647,3.85547,-2.92021,4.6691,2.45569,-4.5825
1023,GW441756,v17,-2.60796,-9.16618,-0.20311,3.6275,2.98682,6.13965,-1.08168,2.35146,-0.78575,-0.52275
1024,Lestaurtinib,v17,62.62932,-3.74662,-1.96256,-3.08882,6.32732,4.04677,-5.08633,3.88923,-1.17706,-3.09751
1026,Tanespimycin,v17,72.96882,-13.46192,-13.42223,5.64938,3.39273,5.47104,0.1288,-3.78234,-1.12123,-0.65543
1028,VX-702,v17,-15.68292,-7.009,-0.31476,-0.34144,2.23855,3.24191,-2.68556,1.64251,-0.00211,1.21207
1029,Motesanib,v17,-7.89903,-8.7126,-0.83097,2.69371,4.05433,4.55282,-2.78902,0.48419,-0.25207,0.35194
1030,KU-55933,v17,-35.9528,-8.8989,-1.68105,2.63951,4.47021,2.90206,-0.7428,-0.43863,-0.23487,1.29531
1031,Elesclomol,v17,122.72477,-11.45102,-5.06201,6.12917,8.25137,5.67003,-4.2421,2.10321,1.61172,2.91229
1032,Afatinib,v17,36.25217,-13.18259,-8.48013,16.00758,-9.54133,-2.23628,6.79596,11.16728,-3.0657,1.87052
1036,PLX-4720,v17,-36.26085,-10.97216,-3.46418,-4.4953,3.28703,2.48167,0.31237,-1.73461,0.58108,1.87608
1037,BX795,v17,7.95978,-6.14278,-1.41037,-0.92808,8.47082,3.66355,-5.43557,2.69942,-0.73168,-3.3602
1047,Nutlin-3a (-),v17,-31.17101,-10.66539,-2.17494,-4.9446,4.06966,1.39841,-0.5571,-0.0062,-0.33639,2.62074
1048,Mirin,v17,-56.70921,-7.79439,2.12122,-0.87834,7.33381,0.74703,0.83364,4.10433,2.36773,-0.14472
1049,PD173074,v17,-8.88282,-6.05106,-0.62403,2.5784,4.12785,4.79583,-7.26796,0.35436,-2.57498,-1.805
1050,ZM447439,v17,1.7535,-7.27932,0.11675,-0.99303,6.22636,1.83321,-1.26016,3.82271,-2.02101,-0.10743
1052,RO-3306,v17,-21.30564,-10.23883,-3.16124,3.1268,5.50143,2.06046,0.45062,2.17811,0.28168,-0.23375
1053,MK-2206,v17,14.41606,-8.87849,-0.57176,9.40612,0.67368,7.12769,-4.6351,-2.43868,0.04464,4.19316
1054,Palbociclib,v17,15.92042,-12.85013,-6.11002,-3.05719,4.54085,1.01937,-4.28669,0.76323,-0.40182,-0.32937
1057,Dactolisib,v17,103.88446,-6.64528,-3.2743,5.48493,3.50269,5.43087,-5.7301,-2.52476,0.42006,5.03402
1058,Pictilisib,v17,26.13294,-8.20212,-1.73968,8.11045,-0.57349,3.1104,-6.68183,0.45998,-1.13538,1.98002
1059,AZD8055,v17,49.05179,-6.14213,-1.48056,4.378,1.39498,6.05392,-5.69442,-1.02995,-0.89234,2.92794
1060,PD0325901,v17,77.31843,-17.22376,-17.73209,-7.94167,-5.26731,11.72443,4.42432,2.41755,-0.79907,2.23859
1061,SB590885,v17,-29.92507,-11.58467,-2.68254,-6.74434,1.83093,5.51909,1.64497,-1.61691,0.57029,2.08976
1062,Selumetinib,v17,-6.32864,-16.56233,-7.74,-6.70218,-1.48794,4.29308,0.94679,-1.79849,-0.71169,4.36413
1069,EHT-1864,v17,-32.36471,-7.3876,-0.57548,1.71992,2.04216,2.93506,-2.19158,-0.22739,-1.31276,3.84574
1072,Avagacestat,v17,-27.48416,-10.90773,-1.34321,1.19713,0.41275,1.82171,-1.66801,0.15421,-0.04363,0.4469
1091,BMS-536924,v17,3.17672,-8.46554,-3.06147,0.10915,0.42824,5.25187,-7.72286,5.10999,-6.75506,-4.75554
1114,Cetuximab,v17,-78.53279,-17.54996,-5.33438,6.04198,-0.45884,-1.79368,2.82042,3.6803,-0.81406,-0.20662
1129,PF-4708671,v17,-34.54476,-8.37511,-0.43158,1.21045,1.68818,1.82248,-1.76232,-0.57933,-1.02519,3.54201
1133,Serdemetan,v17,-7.96992,-10.18511,-3.54693,3.39898,5.70962,1.01962,-1.90631,-0.74604,2.71703,0.59417
1135,AZD4547,v17,-14.72375,-4.10518,-0.28884,-0.83675,7.21027,3.46353,-10.12271,3.437,-2.45964,-8.93752
1136,Capivasertib,v17,-12.59164,-3.89905,2.53731,11.61228,2.57637,6.61501,-4.78098,-3.34906,2.6389,2.10384
1149,TW 37,v17,63.88235,-8.28388,-1.59454,2.67104,7.90929,3.63902,-0.88827,0.30108,2.5158,3.62663
1170,CCT-018159,v17,-15.83816,-8.99569,-2.97929,0.93313,5.75787,-0.98499,1.1553,0.64138,1.46155,-0.95655
1175,Rucaparib,v17,-23.76499,-8.63319,-0.08158,-1.64509,7.71765,-0.92885,-2.3935,1.12139,0.9322,0.68738
1184,AZ20,v17,34.42136,-6.88492,-3.69156,2.40416,6.23002,2.49613,-1.10284,0.52189,2.89461,2.34332
1185,KU-60019,v17,-16.95243,-11.8438,-4.48751,4.61431,5.46931,2.3108,-1.11698,-0.69539,0.89249,1.36688
1192,GSK269962A,v17,3.44795,-4.2364,-1.88552,1.71265,8.33947,2.91009,-6.95658,1.78177,0.31773,-1.91136
1239,YK-4-279,v17,20.15607,-7.44044,-2.92625,0.89482,8.07657,2.67075,-0.75905,0.90997,0.50013,-1.81906
1242,(5Z)-7-Oxozeaenol,v17,33.02977,-9.02861,-8.33703,-8.8533,3.28333,7.37732,-1.08982,3.66484,6.01314,-0.47233
1243,Piperlongumine,v17,15.45403,-10.05787,-1.96581,1.35948,6.94869,3.8573,-1.84762,0.0865,4.3753,1.79344
1248,Daporinad,v17,106.01153,8.3192,8.72276,-10.37466,8.32884,-2.52332,1.93646,13.21001,2.71537,1.31469
1259,Talazoparib,v17,6.29514,-7.18504,-1.23294,-4.3063,19.57633,-10.77167,2.83221,7.18263,6.63283,2.60748
1261,rTRAIL,v17,67.9636,-1.81485,-2.60625,0.18429,1.02129,3.80834,-2.82638,-0.33623,-2.47113,-0.26386
1268,XAV939,v17,-21.09218,-11.87885,-3.42262,4.01121,2.78991,1.97696,-1.85024,0.71962,1.00982,2.03947
1372,Trametinib,v17,83.13781,-19.69151,-27.737,-16.97984,-10.92079,10.70704,2.91479,6.28595,4.57556,-0.4667
1373,Dabrafenib,v17,-24.74501,-13.02451,-9.68702,-12.67808,2.49731,6.18973,-0.01011,-1.41244,6.64801,0.13307
1378,Bleomycin (50 uM),v17,6.65958,-14.52142,-11.36662,-1.95796,20.57741,-12.79616,4.76037,7.95447,9.49068,-3.99207
1382,AZD3514,v17,-23.64881,-9.77741,-1.11772,2.51499,2.61848,2.41239,-0.25738,2.27462,3.18023,1.05975
1386,Doxorubicin,v17,90.29567,-6.70727,-2.73213,0.12999,9.907,-2.49275,2.46771,5.25044,7.82257,-0.03045
1392,Bleomycin (10 uM),v17,13.32815,-14.73541,-10.91388,-1.03107,17.18157,-10.22453,2.19652,6.78364,7.83876,-3.75233
1393,Gemcitabine,v17,133.47982,-5.95839,-5.29042,-0.33728,10.19336,-1.91839,0.24341,3.40467,5.77404,2.17431
1394,AZD6738,v17,14.48297,-6.48839,-3.65116,1.00951,8.23483,-0.11423,1.22092,2.54059,4.89469,0.38773
1401,AZD5438,v17,35.97507,-9.79556,-4.88919,2.97469,4.0805,1.56074,-1.54181,1.48414,2.44032,-0.3818
1402,AZD7762,v17,63.93172,-4.21742,-3.5829,1.39892,4.37059,1.09701,-2.51587,4.91764,4.24443,-5.46033
1403,AZD6094,v17,-17.87027,-7.63095,-0.99733,-0.38523,2.13748,2.52095,-3.45542,-2.13736,1.51421,3.6524
1407,Dyrk1b_0191,v17,2.3781,-12.88205,-7.29904,3.30497,4.17299,3.26152,-2.23229,-0.24976,1.69767,-1.90915
1409,AZD4877,v17,132.68053,-0.83942,-1.82558,3.7957,5.11291,5.91863,-0.6313,1.66982,2.93039,-6.07206
1410,AZD9291,v17,22.77665,-13.04165,-7.46038,14.62021,-6.94182,-2.92697,6.2395,8.95931,-1.0374,-0.09227
1411,EGFRM_5104,v17,41.39554,-12.30976,-7.83999,16.87605,-10.15803,-3.17075,7.24256,13.26021,-2.58746,-0.65043
1413,EphB4_9721,v17,7.90977,-18.6631,-10.79925,7.96743,2.32693,-4.30629,-5.09901,2.40762,0.63442,-5.31739
1414,Fulvestrant,v17,-33.38288,-8.82921,-2.34504,4.57311,3.76198,4.56093,-1.00243,-0.11915,1.47744,-0.60736
1416,AZD8931,v17,18.67509,-14.64475,-10.37414,16.46017,-4.21406,-2.80054,5.46146,9.21239,-2.04844,-2.64916
1419,FEN1_3940,v17,-0.61277,-7.01247,-0.53497,0.30084,7.44146,1.35108,-2.21046,1.2925,4.04454,0.21306
1421,FGFR_0939,v17,6.85163,-9.15901,-3.38626,3.62403,4.9796,3.63264,-5.92708,0.33181,1.55824,-1.16533
1422,FGFR_3831,v17,-11.81948,-4.25233,-0.34631,1.68963,9.50906,2.78378,-7.33223,6.71581,1.64048,-7.2484
1425,BPTES,v17,-29.06393,-10.82052,-4.00069,1.68857,4.53833,2.02951,-0.65308,1.22328,4.26243,-0.39474
1426,AZD7969,v17,-1.16761,-8.254,-2.68538,-1.55563,7.99794,-3.401,-1.24425,5.1701,2.92546,-3.60097
1427,AZD5582,v17,11.54987,-9.37909,5.19638,9.52444,3.97686,3.50565,12.12912,1.82444,19.62455,-8.27987
1428,IAP_5620,v17,-29.53323,-14.26274,2.22483,8.26435,5.49207,3.47181,8.02509,-0.97668,16.24347,-8.16957
1429,IAP_7638,v17,-30.68579,-12.10624,1.11723,6.54417,6.0533,1.35193,7.46096,-0.27687,13.13869,-5.90362
1430,IGFR_3801,v17,51.91253,-5.27021,-6.23233,-2.55965,7.93687,2.40856,-11.32652,8.40827,-4.68175,-7.68696
1431,AZD2230,v17,-13.36211,-6.8387,3.35051,4.90868,5.87791,2.38209,1.92835,2.87287,5.53885,-2.78147
1432,AZD1480,v17,16.29238,-4.50664,-0.8719,4.05801,7.2697,4.9784,-7.58357,0.96867,0.0905,-5.72725
1433,JAK1_3715,v17,-45.87097,-8.2237,-0.61386,0.28551,3.06995,1.82221,-2.07275,2.98749,1.25841,-1.89748
1434,JAK3_7406,v17,-22.79661,-8.32692,-3.6617,3.26072,6.43372,-0.75186,-0.71032,3.32424,4.51264,-3.63942
1436,MCT1_6447,v17,-42.03945,-7.90666,2.81833,2.39138,4.9782,2.68123,0.73853,1.50176,0.71466,-0.47405
1437,MCT4_1422,v17,-40.56833,-9.81541,0.69654,0.27634,4.42949,3.53686,0.95232,1.58669,1.46087,0.10681
1441,AZD2014,v17,54.57746,-7.57974,-3.06725,5.92748,3.61561,4.31753,-4.31243,1.17455,3.0937,1.88085
1444,AZD8186,v17,10.75056,-9.48537,-1.06838,7.53382,1.33512,4.04313,-6.21643,-5.01582,4.72721,1.99138
1445,AZD8835,v17,-4.51957,-9.94297,-2.12716,7.75114,-1.79741,0.22603,-4.34346,4.18727,-1.7124,-1.52433
1446,PI3Ka_4409,v17,-1.15436,-9.7875,-2.10448,9.14333,-3.03558,1.55721,-2.64254,3.63894,-0.20973,-0.74672
1449,AZD1208,v17,-27.26779,-9.08885,1.48153,2.28638,4.05802,3.97151,0.89931,0.92625,3.95097,-1.46153
1451,PLK_6522,v17,107.80031,-1.43796,-1.67029,2.46564,8.72059,1.55924,-0.63921,6.46577,3.16154,-6.21029
1453,RAF_9304,v17,2.41441,-11.32815,-9.27769,-6.7788,-1.62177,5.3308,0.32074,3.30949,3.03365,-0.08153
1455,SMYD2_2391,v17,11.92807,-9.36998,-2.67299,1.77312,3.47692,2.12597,-2.18453,-1.10007,3.05729,-0.01999
1456,TAK1_4248,v17,79.57974,-4.76509,-2.07878,2.71774,1.09536,3.78563,-2.32895,3.06734,2.74532,-1.54433
1457,TAK1_0866,v17,78.93039,-5.45281,-2.57911,2.40886,0.99008,3.62724,-2.3662,3.15564,2.22157,-1.08124
1458,PARP_9495,v17,16.05085,-11.13764,-2.84061,0.47816,9.46801,-2.92788,-1.52862,3.43208,5.39363,0.69689
1459,PARP_0108,v17,50.53368,-5.28157,-1.67842,-5.21885,20.87459,-10.98448,4.8951,8.69541,8.77541,3.37943
1460,PARP_9482,v17,62.16536,-5.93497,-1.3539,-4.87699,22.59079,-14.22866,4.60658,10.14836,9.2548,4.04363
1461,TANK_1366,v17,-6.28438,-12.88199,-4.70788,5.2027,0.50698,1.39906,-2.6122,2.30786,1.05177,1.72969
1463,AZD1332,v17,9.71702,-9.41108,-5.91757,3.85742,5.99811,3.15653,-11.29097,1.30656,-1.45941,-5.02198
1464,TTK_3146,v17,-5.4316,-9.92071,-3.89684,1.71967,3.55289,0.02479,-0.03143,4.70504,0.8048,-2.40466
1490,SN-38,v17,142.82105,3.54297,1.16271,-6.77161,11.05524,-3.95091,1.37285,10.44307,5.58274,3.13207
1494,SN-38,v17,141.53567,-2.26788,-0.51077,-4.11985,13.14776,-4.46008,1.37026,7.556,3.52544,4.89884
1496,Cisplatin,v17,10.5159,-11.63451,-3.28546,0.31484,10.70076,-2.5468,1.49978,2.68214,3.36184,1.57503
1497,AZD4547,v17,6.41575,-5.58291,-0.35899,3.08306,4.81167,6.21566,-10.79132,0.22,-1.73061,-3.2584
1516,Cymarine,v17,105.46032,-4.86751,-2.94733,3.29256,6.08343,3.06732,-3.57507,0.41054,0.85463,0.37351
1525,VER-155008,v17,-22.37023,-10.61711,-2.18059,1.34355,3.79432,-0.12884,1.12497,3.12486,5.39933,-1.75451
1003,Camptothecin,RS,90.30695,16.16553,-0.58874,-8.58144,8.50973,-10.81385,3.43415,3.12703,1.73929,7.10504
1004,Vinblastine,RS,122.86349,24.03245,0.64916,-1.9357,2.60072,-0.74696,2.41429,-2.22275,-1.9592,-0.55951
1005,Cisplatin,RS,-31.68351,12.00155,1.69957,-6.6083,9.22218,-11.01352,5.36231,3.2836,2.01951,3.69671
1006,Cytarabine,RS,5.31493,16.37385,-0.41035,-10.83527,5.15344,-11.5031,5.14473,4.0205,3.39246,3.04246
1007,Docetaxel,RS,141.08631,19.16942,-2.3359,2.96835,1.88669,-1.35739,-0.09846,-0.63886,-1.84446,0.23713
1010,Gefitinib,RS,-25.04343,-1.90722,-6.95356,12.82796,-9.78675,-7.41766,7.31367,7.44144,-2.80674,0.08532
1011,Navitoclax,RS,-3.27606,5.25523,3.99172,-1.8414,-0.0044,8.47043,-4.03799,3.42979,-10.84668,10.76689
1012,Vorinostat,RS,9.42356,6.15451,-0.20254,0.54235,-2.73032,1.9281,-1.24554,-1.19753,-2.08614,4.94182
1013,Nilotinib,RS,-39.94873,10.43649,2.85196,-0.93592,2.10465,3.19181,1.79385,-4.86528,1.59855,3.2607
1014,Refametinib,RS,4.00892,-2.49078,-22.61864,-16.60334,-15.87677,5.21705,1.98617,0.15192,0.21377,-0.78286
1016,Temsirolimus,RS,21.60462,12.73633,-1.17195,6.26763,-0.41557,-3.60853,-5.00532,-8.59711,5.08135,4.57524
1017,Olaparib,RS,-51.97597,4.75859,2.14026,-2.91125,7.91348,-3.33192,0.44892,2.719,-0.36086,3.84856
1019,Bosutinib,RS,-18.75832,3.209,-3.76789,4.87007,-3.86701,-4.59062,1.60947,2.87143,-1.23247,-1.60331
1021,Axitinib,RS,-25.29466,12.88924,1.97241,-1.82279,7.88877,2.22881,-6.14009,3.27862,-6.27091,-2.58966
1022,AZD7762,RS,46.86908,8.76048,-3.17443,1.02988,-0.74426,-1.96479,-1.74381,0.84525,1.77121,-2.78277
1024,Lestaurtinib,RS,43.92794,13.76242,-2.13469,-4.72227,-1.37615,-0.3185,-4.41058,0.4758,-2.08575,-2.32837
1026,Tanespimycin,RS,54.70325,4.42013,-10.88769,0.73623,-3.45982,-0.43987,0.2868,-3.16426,-0.09772,0.48883
1032,Afatinib,RS,14.36378,1.79517,-8.76337,14.94568,-14.09348,-8.78359,4.75524,4.71144,-2.05721,-0.84141
1036,PLX-4720,RS,-57.00298,3.24836,-5.95892,-4.39034,3.42993,0.07998,1.57325,-5.28519,2.22237,-0.65498
1038,NU7441,RS,-30.66157,7.21243,-1.36443,4.00128,-1.78694,-0.00924,0.71716,-5.13472,0.0703,2.65362
1046,Wee1 Inhibitor,RS,-3.16941,11.78832,-2.14532,-0.38631,2.59614,-1.36006,3.65329,-1.30899,1.38694,2.1088
1047,Nutlin-3a (-),RS,-64.69628,6.54343,-1.80631,-7.08117,4.59612,-3.17033,-0.05506,0.70893,0.1337,0.00672
1048,Mirin,RS,-62.39457,2.30662,-1.99079,-0.66992,2.00956,-1.30706,3.02718,-1.39764,2.65487,-1.21594
1049,PD173074,RS,-41.90772,7.35772,-3.34549,2.22471,-0.71723,-0.48446,-8.66391,-1.39387,-0.66638,-7.56942
1050,ZM447439,RS,-19.0318,13.4058,0.05031,-2.032,1.03692,-4.39286,-0.48304,3.96314,-3.3561,-2.79376
1051,Alisertib,RS,6.38131,16.97507,0.78099,-7.63302,7.39177,-6.02109,-9.84216,7.86267,-7.9329,-6.55155
1053,MK-2206,RS,-18.25967,9.6147,0.96064,10.49829,-6.68417,-0.26793,-4.55226,-9.20974,1.2571,4.37123
1054,Palbociclib,RS,-35.94811,9.05304,-2.43592,-5.43626,-2.24409,-3.46442,-3.36511,-3.46376,-0.73192,-1.76913
1057,Dactolisib,RS,78.30354,12.79954,-3.67249,4.53768,-2.59355,-3.71398,-5.26654,-9.11685,3.50832,8.26776
1058,Pictilisib,RS,22.07104,3.6666,-4.3097,10.20543,-5.69339,-4.43095,-5.11459,-6.89451,-0.63612,3.19064
1059,AZD8055,RS,47.91822,8.55584,-3.48515,4.2184,-4.82027,-1.31797,-5.39612,-10.54776,2.22561,5.39393
1060,PD0325901,RS,23.96021,-3.08598,-23.01677,-23.01242,-18.57107,7.24421,4.07371,1.94504,0.59757,-0.99551
1061,SB590885,RS,-56.1651,2.22498,-2.64192,-6.76824,1.15494,2.98834,3.97568,-3.4315,1.19715,3.02021
1062,Selumetinib,RS,-25.49662,-3.42383,-18.93959,-16.46807,-12.50335,5.24726,4.96411,0.7114,1.16487,1.22225
1068,Obatoclax Mesylate,RS,37.85327,2.68909,-3.61762,-1.16547,1.06609,0.69533,-0.89519,-2.18455,-1.07096,3.14117
1069,EHT-1864,RS,-38.59701,-1.28248,2.29482,2.79684,3.41559,5.07676,2.80546,0.63553,-1.93515,4.26688
1073,5-Fluorouracil,RS,-56.31205,8.59725,-1.97602,-5.20255,0.18757,-8.32118,6.49865,-0.3554,1.65905,-2.39871
1079,Dasatinib,RS,14.99202,-5.48468,-12.04827,13.23024,-1.505,-12.54285,-7.28461,-3.36349,4.04938,-8.77478
1080,Paclitaxel,RS,96.96592,27.83443,1.41826,2.6001,1.77306,-0.03036,4.7428,-1.32091,1.23209,-2.20656
1081,Sunitinib,RS,-30.76844,10.21236,-2.12046,-2.73934,1.16733,-1.23596,-5.31238,-0.10678,-1.68836,-6.26283
1083,Crizotinib,RS,-14.09168,11.52084,-2.09608,-6.63895,-0.56769,-2.69751,-4.90012,-2.78845,-2.53069,-3.16505
1084,Rapamycin,RS,89.50823,13.07079,-3.04232,6.27785,-3.05273,-2.19293,-1.86904,-9.54306,3.26936,5.17918
1085,Sorafenib,RS,-15.89495,8.60946,1.00456,-1.26582,2.67,5.62882,0.71353,1.73074,-3.81043,4.49951
1086,BI-2536,RS,66.87079,27.81894,2.24412,-4.51014,4.18419,-6.43983,-1.03946,3.89184,-4.05557,-0.81265
1088,Irinotecan,RS,-18.44378,14.1166,1.28208,-8.88212,10.07726,-12.06078,5.02692,5.06946,4.64037,5.45458
1089,Oxaliplatin,RS,-47.14189,11.32198,-0.26782,-7.10408,0.00018,-7.30035,3.42383,0.01245,0.02285,3.28492
1091,BMS-536924,RS,0.12282,1.79446,-6.54559,-0.50808,-2.03321,-1.71896,-8.24666,1.8629,-7.83595,-4.21432
1092,Saracatinib,RS,-25.0114,-7.57243,-9.83258,12.52249,-5.23697,-9.40635,-0.3854,-1.39098,-1.20067,-4.45642
1094,PHA-665752,RS,-24.67236,6.9333,-3.89079,-2.2886,3.36576,0.19463,-5.07625,-6.89005,5.26252,-0.24553
1131,PRIMA-1MET,RS,-64.9738,6.52319,1.61889,-2.60225,1.70119,-2.41101,-1.01736,-7.87562,5.56853,0.66998
1133,Serdemetan,RS,-44.55988,5.92681,-1.00577,-2.21787,1.0673,-2.03776,0.53315,-0.49137,0.52396,-0.086
1168,Erlotinib,RS,-11.35161,-2.81775,-7.12048,11.54074,-7.39735,-6.17041,5.34531,7.59927,-4.63216,1.77941
1169,AZ628,RS,-11.46451,2.73715,-8.1599,-13.59804,-4.79098,6.38053,0.81674,-1.84169,1.02175,0.23467
1177,Niraparib,RS,-54.32622,6.00585,3.00731,-5.42656,5.30464,-6.71016,-0.00885,-0.55613,3.33723,-0.18573
1179,MK-1775,RS,34.38814,7.08217,-2.82615,0.38777,-1.82645,-2.30452,0.26514,0.76789,-0.98666,-1.44723
1180,Dinaciclib,RS,102.7464,10.55068,-1.48079,3.65046,-4.98411,3.68046,3.15841,-2.59321,1.97008,-1.67399
1190,Gemcitabine,RS,57.52383,24.13575,-2.60375,-16.61909,12.13084,-21.88468,7.8181,5.88979,6.77553,5.58917
1191,Bortezomib,RS,150.60385,6.80322,-0.57088,5.4737,-3.85513,6.90474,-3.14825,-2.45556,-1.29727,6.62852
1193,UNC0638,RS,-43.91826,7.46152,0.7543,0.35235,-3.99267,-7.16529,-0.80041,-5.52635,4.65111,-5.04902
1199,Tamoxifen,RS,-38.02848,2.47984,-0.0957,3.4395,1.20297,1.38965,0.61967,-1.8929,-1.81145,4.0753
1239,YK-4-279,RS,-7.29119,13.373,-0.03001,-2.06618,4.68859,-2.46362,1.3901,-0.00802,-2.4079,0.4403
1249,BMS-345541,RS,-34.27619,4.66902,-0.88041,-2.46796,0.95144,-2.30914,2.88927,-2.66649,1.7573,-0.79935
1250,AZ960,RS,-3.65461,9.10799,-0.57495,-2.15019,4.76443,-4.08579,-7.15184,-1.75868,0.61912,-9.89968
1259,Talazoparib,RS,-24.33333,12.01898,2.25297,-6.70233,11.46835,-13.77904,1.92336,6.30119,1.4204,8.92622
1372,Trametinib,RS,49.79109,-2.06442,-26.3169,-23.69885,-22.42896,7.89769,3.55367,2.11337,-0.15973,-0.03907
1373,Dabrafenib,RS,-57.5696,3.81583,-7.29694,-13.50611,0.5214,3.74071,4.88539,-4.94407,2.17991,1.23741
1378,Bleomycin (50 uM),RS,-30.07025,8.96076,-6.88073,-5.15378,8.87488,-16.48302,2.48697,4.73386,0.78769,0.42557
1401,AZD5438,RS,-7.95759,8.92869,-1.00781,-0.69315,-0.45569,-0.52163,4.4528,-2.93239,2.72329,-2.62244
1428,IAP_5620,RS,-67.20118,0.15286,3.88205,6.70926,4.37589,2.26505,5.78615,-4.98923,9.09862,-3.33083
1441,AZD2014,RS,-1.56667,6.33112,-4.7786,4.43888,-2.41405,-3.04452,-4.7001,-9.43189,4.65505,2.33903
1463,AZD1332,RS,-40.424,3.2513,-5.17099,0.81254,4.59284,-3.37136,-10.60747,-2.30412,-1.83481,-9.3661
1494,SN-38,RS,119.86346,18.15449,-0.09977,-6.47688,7.88236,-4.74565,2.7946,5.13513,-2.33456,9.29036
1510,Linsitinib,RS,-44.60497,3.57022,-1.06611,-2.41393,-1.98426,1.00395,-4.46154,1.96793,-7.50946,-1.37938
1511,Epirubicin,RS,65.43568,11.19479,0.4234,-3.60792,2.7971,-5.66258,2.06359,0.81228,4.86514,4.59547
1529,Pevonedistat,RS,30.09819,13.77774,1.32055,-4.20296,7.20852,-3.84432,7.70074,3.85024,1.03455,9.52936
1549,Sapitinib,RS,-34.70193,-7.0782,-11.94889,23.57794,-16.4886,-11.96595,8.50558,9.76626,-4.10879,-2.89736
1553,Uprosertib,RS,-17.70354,4.89895,0.06881,10.17917,-6.82352,0.21414,-1.40423,-10.43946,4.47594,2.14528
1557,LCL161,RS,-66.51754,-1.81817,-0.16785,3.83451,2.11299,0.3152,2.24879,-3.46569,5.37538,-0.58551
1558,Lapatinib,RS,-26.59769,4.3111,-5.4009,15.51981,-10.91151,-8.86955,7.90095,1.96645,-3.04642,-0.02913
1559,Luminespib,RS,92.69577,13.15594,-3.57649,0.48215,1.08481,-4.27335,-2.57969,-3.86409,5.19616,-0.09845
1560,Alpelisib,RS,-34.31883,4.54377,-2.24959,9.3389,-6.15617,-5.02264,-2.84993,-3.50494,-2.59896,-2.4717
1561,Taselisib,RS,10.43922,4.67293,-4.49022,14.91726,-10.87294,-6.44911,-4.0008,-4.34622,-2.98525,0.80095
1564,SCH772984,RS,-3.71544,-1.41054,-18.98316,-17.28458,-16.73185,4.29349,5.88201,-0.55712,2.20684,-1.76777
1578,Leflunomide,RS,-66.68526,-3.34788,0.45236,-0.4968,2.15896,0.49366,0.31956,-2.10338,-0.14145,2.37906
1593,Entinostat,RS,-11.40397,8.45461,0.24197,-1.6895,-3.49653,-0.05138,0.6114,-1.88534,2.60627,1.56529
1594,OSI-027,RS,-13.05964,4.22809,-0.77224,5.70515,0.02966,3.79482,-6.20034,-7.08032,5.61897,1.45364
1598,LGK974,RS,-48.57853,-0.42733,3.47334,2.04921,2.71266,6.65871,1.8433,3.31797,-2.56567,5.70657
1613,VE-822,RS,-30.61903,8.74759,-1.14443,-0.26223,0.02489,-4.58394,3.72415,-2.65383,1.81713,-0.13015
1614,WZ4003,RS,-43.87855,3.51417,-4.90217,-2.36095,-0.49483,-3.37244,0.19052,-6.11571,3.86267,-4.84573
1617,AZD5582,RS,-3.64908,6.31235,4.94235,7.94828,-2.44077,1.22918,10.184,-8.83482,20.69064,-8.93845
1618,GSK2606414,RS,-40.44234,3.13828,-1.64798,1.63278,0.97755,-0.48765,-0.10122,-1.92864,-0.39227,-1.31509
1621,PCI-34051,RS,-60.99591,2.86824,1.23152,-1.86826,2.87513,-2.35512,0.75359,-3.6374,1.74051,-0.09157
1624,I-BET-762,RS,-31.43177,6.02999,-1.67493,-2.38877,-3.52716,-0.60717,-0.71563,-8.2849,4.96205,-4.98103
1626,OTX015,RS,-10.8223,7.95164,-1.8511,-2.94393,-3.84428,-1.03227,-1.54028,-9.1757,5.84892,-7.78896
1630,Entospletinib,RS,-38.74421,0.18128,-3.80255,2.42067,0.00203,-3.55438,-1.17673,-4.69951,2.71128,-4.89043
1631,PRT062607,RS,-31.59531,3.4959,-4.03967,-2.48569,-3.016,-5.10269,-2.42538,-6.1492,3.08481,-5.56603
1633,Abemaciclib,RS,-34.90881,14.58332,-3.82518,-4.42749,-2.34929,-10.43983,-4.26396,-1.5083,-2.39254,-0.7148
1706,AZD5153,RS,7.45838,9.30564,-0.78469,-4.42168,-5.4542,-0.17995,-1.68168,-7.99293,5.35781,-6.6049
1708,CDK9_5576,RS,50.11746,8.06475,-1.61406,0.92065,-2.65796,1.76128,3.0864,-4.43265,3.42475,-2.34759
1709,CDK9_5038,RS,90.82933,14.39493,1.08785,2.65276,-4.7574,2.36836,4.23718,-5.26611,6.51691,-5.69887
1712,Eg5_9814,RS,109.79771,16.85142,0.95351,0.45343,-1.75957,4.96651,-0.18479,-1.97567,-2.99136,-4.30105
1713,ERK_2440,RS,-8.98085,0.12793,-13.42769,-12.98659,-7.89344,1.78639,0.02585,-2.50251,3.63781,-5.2372
1714,ERK_6604,RS,-25.36149,-2.81694,-14.67846,-14.13058,-9.9998,3.11373,3.07153,-1.02443,2.65179,-4.05631
1716,IRAK4_4710,RS,-65.84276,-0.85125,0.94092,-1.05667,4.20309,1.0483,0.81307,0.99557,-0.21222,-0.38083
1718,JAK1_8709,RS,-49.92217,3.25128,-0.40024,-0.35843,0.69205,-0.78056,-1.80684,-1.31446,-0.03908,-3.45524
1720,AZD5991,RS,-49.68021,20.37753,14.76775,5.88002,0.31463,21.23805,12.82806,3.86406,2.23854,-8.69946
1730,PAK_5339,RS,-4.2883,-0.15875,-2.64271,2.17619,-1.51122,-0.20374,-1.72606,-2.54145,1.99813,-0.31623
1732,TAF1_5496,RS,-40.08128,-2.28197,4.34491,4.15301,3.0839,12.171,2.45388,3.23269,-7.13984,10.76167
1733,ULK1_4989,RS,-5.23592,4.78069,4.11545,5.93785,0.49321,1.68082,2.54867,-4.22834,9.69687,-4.43153
1734,VSP34_8731,RS,-4.48808,-0.71014,-2.06441,3.12796,-1.45712,1.13433,1.70911,-3.72082,2.88225,-0.92302
1735,AZD1775,RS,33.53504,8.2837,-1.8213,-0.1285,-1.59859,-2.11471,0.90587,0.57437,0.68557,-2.50442
1736,Selumetinib,RS,-38.08588,-3.59369,-19.91469,-18.56955,-15.63097,5.16883,7.26696,-0.66653,4.32055,-1.95826
1738,IGF1R_3801,RS,7.82345,10.40806,-3.27001,-4.9002,2.50926,-4.69477,-13.00863,0.32024,-5.17036,-12.72636
1739,JAK_8517,RS,-25.614,9.16047,-1.71034,-1.11735,4.83944,-2.29716,-11.58917,0.11815,-5.0776,-10.7749
1786,AZD4547,RS,-22.18041,8.95207,2.14509,2.33367,5.57547,3.61506,-8.84965,3.4214,-6.12622,-0.74945
1794,Idelalisib,RS,-60.68709,0.73247,-0.50171,4.42803,2.84743,0.48995,-3.55367,-6.29332,5.45478,0.98748
1799,Ibrutinib,RS,-52.71509,-0.76332,-5.78722,17.84636,-8.67431,-6.14713,6.05877,5.80901,-1.86059,-5.3155
1849,Sabutoclax,RS,53.69721,7.10741,0.90328,0.43187,0.46136,3.06415,-0.81174,-2.43098,2.46795,2.88847
1850,Tepotinib,RS,-35.53675,3.78413,-0.34653,-0.31549,0.25375,-0.47449,-0.84732,-6.30171,2.41453,3.16229
1851,Ceritinib,RS,6.35536,2.51995,-3.07868,-1.93261,-0.98165,0.9114,-3.67996,-3.92533,-1.49193,-1.92552
1853,OF-1,RS,-47.20097,-4.60924,2.32764,3.93168,3.90314,9.20648,3.07375,2.02192,-4.93845,7.42251
1855,KRAS (G12C) Inhibitor-12,RS,-55.70206,5.52103,1.00335,-0.49591,2.9074,-2.66362,4.27075,-1.90167,2.85795,-0.48247
1857,Ravoxertinib,RS,-33.67896,1.6548,-9.2925,-13.25557,-5.22703,3.28631,2.69358,2.51725,0.71472,-1.72536
1864,R428,RS,-49.84129,7.85831,0.22484,0.6824,1.45267,-2.6066,1.05523,0.60954,-0.50726,-1.31592
1873,Buparlisib,RS,24.79961,3.30005,-2.59799,3.66393,-0.96096,-0.10551,-3.04044,-2.45741,-1.43047,4.49718
1908,Ulixertinib,RS,-11.53018,0.32647,-12.12228,-11.36578,-9.7536,3.54853,2.95171,0.80458,-0.57381,3.80143
1909,Venetoclax,RS,-6.31335,6.4733,4.96956,-2.78544,1.80762,4.20132,-1.8565,4.12109,-5.65066,2.83548
1910,ABT737,RS,-5.63323,6.63364,3.34523,-1.25258,-1.94648,6.15555,-4.56968,5.15534,-10.53111,10.55696
1911,Dactinomycin,RS,152.06874,13.76591,-1.54966,0.00599,-3.24528,-0.53509,2.18676,1.37089,0.6131,6.53441
1912,Afuresertib,RS,-8.13648,7.44235,0.42791,9.87918,-3.9017,1.18031,-2.06062,-8.36824,1.43311,6.83104
1915,AZD3759,RS,-13.95286,-2.07401,-6.82593,10.86693,-7.44124,-4.65395,3.28145,4.76602,-2.08627,1.38399
1916,AZD5363,RS,-18.69281,6.77153,0.629,10.80971,-1.55201,0.01719,-3.01953,-6.88248,2.77673,5.24881
1917,AZD6738,RS,-0.16952,8.295,-4.29785,1.05142,2.02211,-3.16196,1.99515,-0.03385,1.53925,4.8142
1918,AZD8186,RS,-24.39614,-0.77413,-3.01385,11.5938,-2.09547,-2.35723,-5.53885,-7.46117,2.9658,5.53508
1919,Osimertinib,RS,7.02416,-0.90039,-5.50046,14.58744,-9.26723,-5.13442,3.70463,6.22357,-4.52262,2.89093
1922,Cediranib,RS,-2.3459,3.208,-4.83467,5.33511,-2.21564,-1.1601,-6.72763,0.25062,-1.40757,-0.76448
1924,Ipatasertib,RS,-31.04945,5.87869,0.87524,11.73845,-3.65882,0.16561,-2.24782,-8.60752,2.19792,6.83735
1926,GNE-317,RS,34.89086,4.09848,-4.31419,7.2633,-3.01341,-2.46524,-5.95718,-6.63432,1.47072,7.1966
1928,I-BRD9,RS,-58.82885,7.29057,2.38052,0.28445,1.22361,1.22937,0.56749,-3.66987,2.32607,0.41377
1930,Telomerase Inhibitor IX,RS,32.66916,6.69192,-3.07039,-0.84441,2.17073,0.67246,0.77674,-2.48223,2.63904,4.22886
1932,NVP-ADW742,RS,-19.40043,8.30678,-3.80027,-2.92362,-2.72067,-1.84547,-2.7189,-0.96716,-4.95812,0.82892
1933,P22077,RS,-59.71152,5.49226,1.54924,0.87871,2.42526,-1.51872,1.81864,0.59242,-1.204,8.67465
1934,P5091,RS,-39.58983,11.45267,1.09343,-3.12769,3.4016,-2.82397,1.61604,-2.88993,1.1515,4.60234
1936,Savolitinib,RS,-16.48318,2.13668,0.15796,0.48264,2.36235,1.65394,-0.02924,-0.3388,-1.89965,8.87023
1937,S-crizotinib,RS,-37.17718,5.28607,-0.88765,-1.59486,0.72914,-1.17832,-0.11408,-4.62133,2.1711,1.08742
1939,UMI-77,RS,-20.55509,0.6693,-0.5172,0.26327,1.1674,1.18519,0.98046,-3.18994,2.45325,6.10488
1940,WIKI4,RS,-38.4348,-3.79141,-2.19759,3.61947,0.59717,-0.16846,-1.89357,0.91682,-1.7009,5.45555
1941,Sepantronium bromide,RS,142.82439,-4.84081,1.61243,3.35084,-1.72118,1.71344,-1.45754,-6.60253,9.0459,6.79301
1942,Pexidartinib,RS,-47.11339,1.3519,2.0556,1.58607,3.69187,5.29552,-2.01545,1.3975,-3.1732,2.20209
1944,LY2584702,RS,-46.18986,1.1032,0.31078,3.62802,2.43861,2.68074,-2.15344,-2.36701,-0.2745,4.80208
1945,Taselisib,RS,8.94128,4.03806,-3.81608,15.26317,-8.967,-5.4561,-2.96643,-2.69619,-3.19219,4.3302
1946,MIK-665 / S-64315,RS,5.95135,22.42971,12.08943,8.3263,-2.85989,22.25772,11.02685,7.40387,-0.29549,-4.56842
1947,entospletinib,RS,-48.81983,1.61483,-1.18471,4.55507,2.56022,-0.21639,-0.92287,-1.39496,-0.29707,1.3009
1949,Venetoclax,RS,-37.20924,9.02555,4.65378,-1.54699,1.58163,7.23795,0.05533,5.61442,-5.29259,7.92232
1954,ASLAN002,RS,-51.2173,7.81949,0.77532,-3.50815,3.56047,1.50908,-1.69998,0.21924,-4.57034,2.58449
1956,MCL1_1284,RS,-16.26013,23.43047,12.66788,9.18609,-1.96557,24.12452,11.40542,7.68166,-2.51782,-6.37214
1957,Abemaciclib,RS,-28.7629,9.38641,-2.81533,-2.82614,-3.72725,-7.2803,-2.27357,-0.93189,-4.15546,0.343
1958,Merestinib,RS,-30.27349,4.41798,-2.55575,0.60985,1.6313,2.42624,-5.08061,1.69928,-5.44384,4.3221
1959,SYK_1543,RS,-34.25901,2.48729,-4.65028,9.28855,-3.57643,-11.04365,1.98278,4.94924,-4.04241,1.90025
1960,SYK_9721,RS,-52.52616,1.25512,-0.34135,1.56587,4.93228,-3.09474,3.67259,2.69527,-3.93123,8.49353
1961,UNC-2025,RS,9.31484,10.94718,-1.94279,-4.04504,1.30881,-2.81679,-7.9074,5.12046,-7.75686,-1.88378
1962,Sapanisertib,RS,59.84407,8.96088,-5.39669,5.67317,-3.50919,-3.41331,-6.24122,-7.77002,2.82276,8.9466
1964,CB-839,RS,-31.09377,-0.72408,-2.34311,2.63027,3.17538,1.22483,-0.1319,-1.27285,0.0704,3.13499
1965,AZD4205,RS,-62.25297,1.73791,0.8227,0.5029,3.0641,1.23563,-1.17139,1.1576,-1.22727,-0.51097
1966,KIT_6754,RS,-49.19588,2.05559,3.98787,0.08514,2.66817,6.30332,-0.26264,1.25669,-2.84237,3.62014
1967,SMG1_1789,RS,21.05064,5.53826,-1.87677,1.69969,-2.67404,1.14722,1.26071,-1.22409,-0.62811,3.8276
1968,ERK_5051,RS,-27.71119,-1.24415,-14.40074,-15.14203,-12.59254,5.47024,4.4666,1.7534,0.08651,2.04103
1970,ERK_6197,RS,-25.41667,-0.35944,-14.917,-15.14342,-11.70635,4.32051,4.09082,1.04924,-0.65917,2.03519
1971,Serabelisib,RS,-34.31717,2.24359,-2.44878,5.20679,-2.12424,-0.00378,-2.68007,-2.39648,-1.06095,2.99622
1972,Ravoxertinib,RS,-49.93132,3.98814,-6.94913,-12.89538,-4.97282,0.2667,4.86978,4.64844,-0.85179,3.38245
1973,KRASi,RS,-49.34717,9.71502,-0.65928,-0.75556,4.87783,-2.83459,2.66273,-1.2885,0.09339,6.07923
1975,BVD523,RS,-25.82488,1.02214,-12.22602,-10.63989,-9.17665,4.10026,3.09162,-0.7986,-0.62966,2.60744
1980,IRAK4_1495,RS,-74.61822,8.60333,2.21666,-4.19251,3.23435,-2.49683,4.35568,2.41047,-2.3947,1.39718
1982,PLK4_0066,RS,-10.56334,15.34418,3.12684,-2.47814,5.12322,2.63732,-4.66722,9.47154,-11.53168,2.97459
1986,IRAK4_8366,RS,-80.79373,3.75689,2.25154,0.47655,-0.39535,-0.96502,2.60832,0.64776,-2.01724,4.75086
1987,BCLXL_3202,RS,10.51268,-0.85929,-0.98246,1.60118,-2.19732,4.63742,-4.98996,0.94366,-8.7456,10.38247
1990,BCL6_7224,RS,-42.70602,8.42548,-0.4324,3.07016,0.13637,-1.29222,3.75849,3.23254,-4.61435,7.43081
1991,Ibrutinib,RS,-41.92602,2.93728,-4.74391,19.8177,-13.32227,-8.59737,7.53271,9.7059,-5.92633,-1.01794
1993,THZ1,RS,69.06506,28.1408,1.46759,1.96859,-2.7116,-0.21893,10.9711,2.09017,3.1158,1.33669
1996,MIM1,RS,-44.89652,0.48904,0.58663,-0.64463,5.38751,-1.7183,1.18341,0.30423,2.92783,3.61555
1997,WEHI-539,RS,-42.86442,-2.9321,2.20841,1.55498,0.41517,2.04683,-2.67387,-0.97746,-5.05282,9.04714
2013,CDK12_8969,RS,44.71425,7.94671,3.75179,7.91692,-2.68772,5.1953,5.40879,-0.60292,9.06018,-2.05809
2014,Brigatinib,RS,-2.41648,2.6149,-6.40592,3.67774,-4.78897,-6.73524,-5.21541,3.97126,-6.01227,-9.18522
2015,Olmutinib,RS,-22.07772,6.82323,-5.64332,6.10528,-5.88899,-7.16146,3.92497,0.96625,0.25416,0.25175
2016,EGFR_5383,RS,-66.93875,7.91507,1.81054,1.874,2.93959,-0.87893,2.07493,-0.87778,-0.52885,4.17278
2020,Poziotinib,RS,-11.13639,0.08721,-12.09793,26.94903,-13.54339,-10.85831,6.06624,10.92779,-5.37692,-2.8495
2021,EGF816,RS,-44.7186,5.73277,-4.90436,13.74621,-10.04492,-10.78534,8.76822,6.63061,-2.32063,0.44736
2022,PF-06747775,RS,-54.23165,-2.02556,-8.15744,20.86786,-13.96442,-10.07114,11.45965,12.13243,-4.62602,1.34128
2024,KIT_5808,RS,-81.06648,4.15401,2.10155,0.12203,4.48475,2.98946,-0.4899,2.16368,-1.17093,0.17772
2026,KIT_7208,RS,-69.1724,4.23658,3.18752,0.29619,5.71107,2.29081,2.56633,1.2764,-1.2193,3.70569
2027,CDK12_1992,RS,69.60227,14.4878,-3.52574,2.9994,-2.58319,2.34076,4.21925,-2.08425,-1.93033,1.33474
2028,STAT3_2372,RS,-27.55302,-4.07956,8.5289,6.53539,3.55065,18.0668,5.88822,9.75253,-10.7286,18.42351
2034,RAF_7242,RS,8.77769,-0.69454,-15.27249,-13.95797,-10.91543,3.18927,-1.50547,-0.99782,1.7405,-2.70332
2040,Foretinib,RS,24.21402,8.46263,-3.76717,-2.55663,0.11647,1.63835,-9.47114,0.50953,-6.1236,-1.93006
2041,GSK126,RS,-44.57393,4.11307,0.38566,-0.51157,1.77789,0.79988,-0.24852,-2.64422,1.42848,0.25334
2042,Deltarasin,RS,0.37572,1.67172,-2.42047,0.71943,0.00817,-0.23154,-0.64314,-4.21474,0.45359,2.69334
2043,BIBR-1532,RS,-69.00231,1.06621,2.81431,0.11711,4.99313,2.14866,0.09867,0.64249,-2.57623,3.88388
2044,Pyridostatin,RS,-33.2594,5.31193,0.20751,1.49831,3.12671,-1.36968,-0.25498,-2.0369,3.06681,0.82532
2045,AMG-319,RS,-68.69118,2.04886,2.09193,0.84187,4.07415,-0.10521,-1.31305,-3.33688,2.26764,2.06443
2046,MK-8776,RS,-27.91075,8.77058,0.39765,0.07026,2.70465,-0.87487,0.42565,0.41946,2.15909,0.37966
2048,Vinorelbine,RS,109.43411,23.19421,0.42025,-2.36475,0.51994,-1.68505,2.65225,-2.65488,-1.52059,-1.49338
2063,LTT462,RS,-38.079,6.03062,-9.43188,-14.7765,-5.16497,-3.91125,3.39075,-1.25581,0.82264,-3.67472
2066,Rociletinib,RS,-15.17021,6.04874,-5.73527,5.77083,-6.20502,-7.15157,1.88305,4.72315,-6.32381,-3.27306
2071,Menin_MLL_8690,RS,-51.14369,9.52117,-2.03904,0.32289,-1.89354,-5.14276,6.36576,-3.46077,0.61499,1.48693
2074,EGFR_0300,RS,-9.48091,4.92054,-7.84646,8.81048,-8.2946,-10.40299,-2.46987,1.73784,-2.67323,-9.91572
2075,EGFR_8897,RS,-4.5764,3.17717,-9.58048,13.34339,-14.66193,-10.60533,5.37071,6.00783,-3.00922,-3.81152
2076,ERK_5330,RS,20.88349,0.71109,-14.47386,-9.85762,-6.25096,-0.75483,-5.54521,-2.30475,-0.26317,-3.37104
2077,CDK7_8454,RS,69.76282,12.93977,-0.68576,0.57112,-2.40217,1.46859,0.5985,-1.16271,1.1111,-1.71217
2078,Senexin B,RS,-45.85533,-0.83504,1.25454,0.01488,1.06148,4.25806,2.69461,1.05377,-1.56205,3.8285
2079,CDK12_5078,RS,62.63943,14.76453,-2.31067,-0.52035,-2.23673,2.01863,3.78487,-0.78488,1.12919,-0.20962
2080,Menin_MLL_8687,RS,3.22926,4.01858,-0.12326,1.70294,-1.82833,4.28695,0.32282,-3.26194,-1.21927,4.08616
2081,CDK12_2242,RS,79.15977,12.18047,-3.1183,1.75611,-2.80637,3.43757,1.10084,-2.15006,-0.92535,1.65502
2090,EGFR_7518,RS,-1.1786,2.03651,-8.14328,8.4209,-5.9577,-8.49621,-0.7884,1.18853,-0.84662,-2.85944
2093,Capivasertib,RS,-6.12947,6.38693,0.68323,8.42261,-1.39273,0.92604,-3.34028,-6.4776,1.91492,3.45717
2096,VX-11e,RS,-14.10901,2.58474,-13.88601,-11.69144,-10.27981,1.86598,4.03111,-1.83538,0.69732,0.49323
2103,Capmatinib,RS,-30.68023,2.82622,0.23976,-0.51358,1.47877,1.70587,-0.08708,-4.17531,0.43856,5.15784
2108,PD0166285,RS,39.42312,7.95802,-3.92703,1.63853,2.0584,-2.68429,-6.42978,-2.32954,-1.52156,-2.30314
2109,AZ6102,RS,-12.56381,2.2838,-3.6777,-0.06033,-0.81276,-3.91016,-1.09315,-2.53275,-0.44497,1.41505
2111,VE821,RS,-49.53105,9.59193,-3.02495,-1.94448,1.08072,-3.71792,4.90004,-2.35139,1.5691,-0.51088
2125,Mcl1_7350,RS,-37.94131,26.96429,15.49881,6.83475,0.81251,22.63426,13.29048,5.87869,2.26062,-9.15969
2127,Mcl1_6386,RS,0.45105,24.50681,12.44191,7.09968,1.25937,23.43795,11.70205,5.19136,5.60898,-10.19886
2152,I-BET151,RS,-11.65225,8.01763,-0.49346,-0.87941,-2.32163,0.47674,-1.86419,-6.01654,1.98344,-0.67416
2153,S63845,RS,-16.67211,18.79167,12.47664,3.19623,-1.05473,13.69764,5.35985,4.78706,1.03613,-5.16097
2160,Volasertib,RS,73.69514,19.10195,1.28025,-2.46434,0.5989,-1.23909,-0.75745,1.36701,-4.13743,-3.46431
2161,Rigosertib,RS,50.90614,16.61098,-0.35416,-1.43634,5.82735,-1.79822,-2.13445,-2.55021,-2.70898,-1.35076
2162,Danusertib,RS,-4.48427,17.45193,3.80331,-3.03814,5.07373,-1.03544,-6.30841,3.55543,-6.08638,-7.25671
2163,Fenretinide,RS,-22.54343,8.08279,3.44772,1.40168,3.21305,3.15329,-0.98596,-0.68583,-0.44425,-0.20343
2166,Entrectinib,RS,1.72348,3.56809,-4.38268,-0.00442,-1.25331,-1.06466,-6.34756,-2.9832,-1.9943,-2.85621
2168,Ponatinib,RS,21.75259,9.82312,-4.50497,-2.98257,-0.82834,3.02713,-8.73313,-0.61388,-1.51386,-6.394
2170,AT13148,RS,-41.95801,10.48663,-2.75588,3.50315,5.29477,-3.91626,-0.40611,-8.95608,0.49476,1.3225
2171,BMS-754807,RS,-7.52136,16.68789,-4.22734,-8.19849,0.1575,-3.87917,-10.90478,2.98174,-14.33548,-2.85943
2172,JQ1,RS,-5.26523,12.77432,-1.47842,-2.18608,-5.99284,0.30986,-0.35444,-2.47848,0.22319,-2.44576
2173,PFI-1,RS,-44.7691,0.20039,-0.36405,-1.57945,1.86113,-0.66497,-0.7514,-2.75463,1.37837,-0.82947
2220,Regorafenib,RS,-28.77663,6.64227,0.16508,-5.39199,0.59347,9.13644,-0.06192,2.54751,-3.14251,3.75158
2235,AZD5991,RS,-19.03099,19.02408,12.42825,5.17605,0.55977,22.41971,9.31969,4.29037,1.08192,-7.26838
2243,AZD6738,RS,-9.86558,10.91384,-4.03333,-2.80468,2.09192,-3.46615,3.00642,-1.08068,2.1747,0.80185
2252,Selumetinib,RS,-21.59149,-4.79337,-20.47801,-19.08779,-15.80789,5.98959,5.42028,0.64073,2.0034,0.58037
2253,AZD8835,RS,-37.67396,4.34315,-2.20528,8.67602,-5.04414,-5.04115,-3.12515,-3.39318,-1.75685,-0.99652
2254,GSK2292767,RS,-9.76185,4.74699,-2.55,6.00598,-1.35608,-1.05435,-1.66684,-4.47122,0.07529,1.11007
2255,RK-33,RS,-16.13067,-6.02086,-2.85933,1.35186,5.80373,3.83728,0.25497,-3.18512,1.01589,3.34586
2258,LLY-507,RS,-12.83091,4.60277,-2.51754,-0.98679,-0.79356,0.6718,0.70243,-6.26536,0.25496,2.11962
2271,CP-724714,RS,-39.44247,-0.09746,-1.76687,6.74102,-0.91145,1.67464,3.30278,1.2353,-1.73978,2.83477
2272,MK-5108,RS,-6.95686,15.10681,0.35104,-2.36917,4.64677,-1.89267,-2.31885,1.36514,-3.93265,-1.79747
2273,CPI-360,RS,-52.98465,4.89293,1.59052,0.90968,4.56242,1.8439,1.43821,1.83971,0.22463,0.19634
2281,CCT251545,RS,-44.08996,1.98628,-1.70098,0.55609,-1.3795,1.99304,0.58748,0.03069,-1.15921,1.48004
2282,Romidepsin,RS,146.37142,4.26111,-3.2362,5.25005,-6.83216,4.01257,-3.81436,-3.91121,4.67448,0.25085
2283,CGI1746,RS,-47.78776,3.80921,0.05196,1.94843,2.51385,2.82468,0.03789,-2.17208,-0.00778,-0.97811
2284,MS023,RS,-43.7952,2.9447,-1.92161,0.29941,2.80171,-0.26229,-0.37126,-1.6132,0.57517,-0.38535
2291,MZ1,RS,51.88596,13.22652,2.96002,1.13947,-4.63112,4.31175,1.00699,-3.09481,5.58696,-3.09287
2293,AMG900,RS,-2.13697,22.36613,1.03864,-9.63817,6.39428,-0.28392,-4.2233,9.94858,-10.49978,-2.66057
2296,GDC-0879,RS,-70.2034,1.89522,-4.13928,-8.85608,1.99641,4.70916,4.63996,-2.8322,2.53441,2.79369
2297,SGX-523,RS,-71.37246,0.32565,-0.61478,-0.22222,2.52156,-0.48541,-1.99749,-4.49341,1.09765,2.81277
2298,AZD1152-HQPA,RS,-46.41215,22.2234,7.9062,-5.99207,8.68958,-2.77756,-3.49189,12.14911,-9.22291,-3.24012
2300,JNK-IN-8,RS,-30.77485,8.90637,-0.82169,3.61917,-2.49943,-4.23348,-1.86411,-1.63855,0.98231,-3.09949
2303,G-5555,RS,-10.37364,-1.37191,-6.42949,2.73452,0.3597,-3.52216,-1.5909,-3.38548,2.7857,-1.93519
2304,BMS-911543,RS,-68.00635,2.12139,-1.99978,1.80166,2.29426,0.25076,-1.22974,-1.27072,-1.71779,-1.43204
2306,Filgotinib,RS,-61.76567,6.61609,0.19082,0.64368,4.31208,0.70703,1.96451,0.82371,-0.94992,0.47699
2309,AC220,RS,-47.16366,11.8415,2.75794,-0.90598,4.26038,0.70858,-2.36595,-1.5319,1.08259,-1.02443
2312,PDD00017273,RS,-54.56945,3.91854,-0.1974,2.90317,3.88681,1.00042,2.1566,-2.16817,2.38525,-0.19429
2313,THZ1,RS,60.39189,17.59837,-1.07774,3.04933,-0.53739,1.60764,1.24767,-0.62216,0.85745,-2.23372
2316,eCF309,RS,23.81525,7.5892,-5.42234,5.03526,-1.06156,-3.201,-5.89057,-9.23809,2.69317,5.85135
2317,BMX-IN-1,RS,-48.83011,6.5033,1.66184,-1.1401,2.15576,-0.98493,1.63035,-3.88526,5.09534,0.60765
2319,Tubacin,RS,-26.86095,8.9827,2.5703,-0.83572,4.12182,-0.48382,0.88259,-0.78483,3.18147,2.78751
2323,A-1155463,RS,-40.72797,-4.0433,1.50419,-1.53635,-0.53988,3.68575,-4.84327,-1.2108,-6.23918,7.58091
2324,CCT244747,RS,-3.52539,7.96698,-3.42786,-0.85848,-0.67587,-0.94009,1.02589,-2.10101,1.20009,-0.70296
2325,HG-9-91-01,RS,-56.75813,4.58634,-2.32395,3.42331,0.29825,-2.9733,-9.68623,-1.77473,-0.95141,-8.69944
2327,BIX-02188,RS,-77.59811,4.38274,1.33696,0.21746,2.08146,0.82733,0.02108,0.97825,-0.80003,-0.55333
2328,RGFP966,RS,-36.47546,6.4707,2.74767,-1.60609,1.91947,2.28855,-2.44963,-1.77741,0.13323,0.70516
2330,AZ191,RS,-61.29514,8.92275,-0.31757,-0.74617,1.85203,-4.75768,0.13447,0.44564,-0.23327,-0.94934
2331,PF-3758309,RS,37.27944,15.43829,-1.83342,-2.48678,-1.54832,-2.24911,1.17479,-0.23497,3.65717,-2.19918
2332,UNC2025,RS,8.74649,10.34394,-2.69764,-4.3435,1.73549,-1.29453,-9.36119,2.109,-5.20071,-7.72285
2333,ACY-738,RS,-33.44089,9.91987,0.93204,-2.27252,0.00281,2.68162,-0.14376,0.44296,-2.24608,2.59471
2354,MCL1_8070,RS,-32.94359,26.09238,15.91272,6.74748,-0.53213,26.14805,13.33199,6.11272,2.68387,-11.33608
2466,CA3,RS,59.44045,-1.60469,-1.42803,2.62896,-1.90492,3.87032,-3.97186,-3.58698,1.12704,2.13743
